userid,track,artist,genre,
107EBCED,Absolutely Africa,Saxomatto,dance,
107EBCED,Re:Re:,Asian Kung-Fu Generation,pop,
107EBCED,One Of Us Is Over 40,Chick Corea Elektric Band,jazz,
107EBCED,Mini Bar,17 Memphis,country,
107EBCED,Stay Down,Julien Baker Phoebe Bridgers & Lucy Dacus,alternative,
107EBCED,Mama (Give Me a Call),Stylo G,dancehall,
107EBCED,Jcb Song,The Lip Singers,pop,
107EBCED,Dream a Little Dream of Me,The Winchester's,rock,
107EBCED,Build Me Up From Bones,Sarah Jarosz,singer,
107EBCED,Море,Дмитрий Евланов,folk,
107EBCED,Aces High,Billy Sheehan,rock,
107EBCED,Come Down,WSTRN,rnb,
107EBCED,Once Upon a Love,Manuel GALVIN,blues,
107EBCED,Blue Hawaii - Sweet Leilani - Aloha oe,Orchester Claudius Alzner,pop,
107EBCED,You Shook Me All Night Long,Hell's Black Roses,soundtrack,
107EBCED,My Answer,Hisao Noguchi,world,
107EBCED,Столько ты не...,Паровоз до Кубы,rusrock,
107EBCED,Stars In My Eyes,The Original Rudeboys,pop,
189AD00F,Quarter Century,DVG,hip,
189AD00F,Century,LavTooMuch,hip,
189AD00F,Akira,22,rock,
189AD00F,Moves Like Jagger,Russian Style Folkestra,world,
189AD00F,Century After Century,Idlewild,pop,
189AD00F,21st Century Heartbeat,Luke Sital-Singh,singer,
189AD00F,Century,Preach,house,
189AD00F,Ximeromata,Konstantinos Argiros,pop,
189AD00F,Century,Strawhorse,rock,
189AD00F,Lighthouse,Iamthemorning,progressive,
1C74A8A5,Disco Dancer,Dan Lewis,house,
1C74A8A5,The Roots,Ralph Good,dance,
1C74A8A5,Ночь,Edgar Ti,rnb,
1C74A8A5,Give It To Me,Gustavo Da Silva,electronic,
1C74A8A5,Vibrations,James Trystan feat. Ryan Stavrou,dance,
1C74A8A5,In My House,Tommy Vee,dance,
1C74A8A5,Time Tonight,Soledrifter,dance,
1C74A8A5,Around Bass,James Bong,dance,
1C74A8A5,Lendrema,Mahaleo,world,
1C74A8A5,Is It Love?,Chili Hifly,electronic,
1C74A8A5,Backup Man,The Blemish,electronic,
1C74A8A5,Saturn,Alys Be,electronic,
1C74A8A5,Baked Beans,TQD,electronic,
1C74A8A5,Straight from the Underground,Luca Debonaire,electronic,
1DEFC42A,Brown-Eyed Handsome Man,Ray Pilgrim,rock,
1DEFC42A,Ray Brown's Bass,Bruce Forman,jazz,
1DEFC42A,Wouldn't It Be Loverly? (feat. Ray Brown & Gene Gammage),Oscar Peterson Trio,jazz,
1DEFC42A,To Ray (Dedicated To Mr. Ray Brown),Marcello Sebastiani Fourtet,jazz,
1DEFC42A,Special Lady,Ray Goodman & Brown,rnb,
1DEFC42A,Cannon Bilt,Ray Brown With The All-Star Big Band,jazz,
1DEFC42A,Alice,Ray Brown,jazz,
1DEFC42A,Brown Eyed Girl,Ray Pasnen,pop,
1DEFC42A,Intro: Ray Goodman & Brown,Announcer,rnb,
1DEFC42A,Ooh Baby Baby,Ray Goodman & Brown,rnb,
1DEFC42A,Ray Brown,Foxy Hustler,electronic,
1E337310,The Gods Made Heavy Metal,Paragon,rock,
1E337310,Empty Room,Celesty,rock,
1E337310,Helluvaride,Beggars Ball,rock,
1E337310,Dream; Paralysis,Season of Ghosts,metal,
1E337310,Wake Up,Mercy Isle,metal,
1E337310,Headwinds,The Flight Of Sleipnir,rock,
1E337310,Show Me,Syberia,metal,
1E337310,Small.Town.Depression,Decembre Noir,rock,
1E337310,Core Dead,5 Star Grave,metal,
1E337310,A Reason to Fight,Ambehr,hard'n'heavy,
1E337310,Torn,Morgul,rock,
1E337310,Party of Sin,Bloody Mary,rock,
1E337310,Just a Little,ARK,classicmetal,
1E337310,Lucid Dreams,Arkaea,metal,
1E337310,Jingle Bells,Orion's Reign,metal,
1E337310,Heavy Metal Maniac,Exciter,rock,
1E337310,Toxicity,Heavy Mellow,metal,
1E337310,Face the Pain,Stemm,metal,
1E337310,Burning Bridges,Ghost Machine,hard'n'heavy,
1E337310,The End,Paco Ventura,rock,
1E337310,Dukkha,Boral Kibil,dance,
2363EF6D,Memento,Sonix,rock,
2363EF6D,Blood Red Eyes,Secret Walls,pop,
2363EF6D,that's not how a woman hits doctor snowcone,Unbecoming,rock,
2363EF6D,Gloaming,Mark Charlesworth,rock,
2363EF6D,Tide,Sunscreen,rock,
2363EF6D,I Found Love,Leander,rock,
2363EF6D,The World Keeps Coming On,D.B. Patterson,rock,
2363EF6D,Many Moons Ago,Dan Mervis,rock,
2363EF6D,Our Most Desperate Hour,Nita Strauss,rock,
2363EF6D,Lumpa Acelerada,Juan Gómez,rock,
2363EF6D,Bad Luck and Hard Times,Roosevelt Diggs,folk,
2363EF6D,Words of Wood / Aurora Boréalis,Shawn Ezhno,pop,
2363EF6D,Fiquei,Bellize,pop,
2363EF6D,Nit de por,Atomic Leopards,rock,
2363EF6D,Ride The Wildest,Superman Is Dead,rock,
2363EF6D,Dignosaurios,5 Toneladas,rock,
2363EF6D,Get Paid,New Rose,rock,
2363EF6D,Let's Go Home,Slim Chance,rock,
2363EF6D,Extraña Sensación,Zoltar,rock,
2363EF6D,Betting Ground,An Old Fashioned Gunfight,rock,
2363EF6D,Blacker Than Sleep,Herd of Us,rock,
2363EF6D,(Mein Album kommt bei) Grand Hotel van Cleef,Grillmaster Flash,rock,
23E6E59A,Road Rubber,Loui,rap,
23E6E59A,OMG,LaZy-boy,rap,
23E6E59A,Floatin,Big C Style,hip,
23E6E59A,Be 100,Titán,hip,
23E6E59A,Fuck The Fame Chopped & Screwed,Dirty R.A.Y,rap,
23E6E59A,Lights Camera Action,P.T. Mulah,rap,
23E6E59A,Never Took It from Me,Lil D,rap,
23E6E59A,How We Mobbin,Choco Taco,hip,
23E6E59A,4 My Raza,DG,rap,
23E6E59A,Trust a Soul,Dela the Fella,rap,
23E6E59A,Hoppin Out,Smokey Montana,rap,
23E6E59A,Texas Anthem,Jay O,rap,
23E6E59A,Bay Chyt,Funumob,rap,
25139C5B,Foundations II,The Firm Selectors,electronic,
25139C5B,Exx-Perience,Steve Baltes,electronic,
25139C5B,El Sueno,Datura,dance,
25139C5B,Illusion,Antarctica,trance,
25139C5B,Waiting For A New Life,Total Eclipse,trance,
25139C5B,Brainchild,Nostrum,dance,
25139C5B,Power Of Love,Deee-Lite,pop,
25139C5B,Have You Ever Been Mellow,Party Animals,dance,
25139C5B,Knights Of The Jaguar,DJ Rolando,dance,
25139C5B,Sticks and Stones,Doof,downtempo,
25139C5B,Luvstruck,Southside spinners,dance,
2BFB470,Lollipop,Ben Kweller,videogame,
2BFB470,Defend the Villages,Rupert Gregson-Williams,videogame,
2BFB470,Futatsuboshi,Urul Sarana,videogame,
2BFB470,Xeno Titan,Grant Kirkhope,videogame,
2BFB470,Mii Channel,The OneUps,videogame,
2BFB470,The One For Me,Cloud 19,videogame,
2BFB470,The Goddess of Destruction,Hyobeum Lim,videogame,
2BFB470,Compass,Disasterpeace,videogame,
2BFB470,The Happening,Gray Matter Game,videogame,
2BFB470,A Theme,8-Bit Arcade,videogame,
2BFB470,Love Is the Feeling,Sarwarr,videogame,
2BFB470,06.Rival,Bakumens Inc.,videogame,
2BFB470,Theme of D4,Access Games Inc.,videogame,
2D3F237F,On the floor like,Bassjackers & Joe Ghost feat. MOTi,dance,
2D3F237F,Neben dir,Josi,pop,
2D3F237F,Gloria,DJ D,dance,
2D3F237F,Sometimes,Short Dawg Tha Native,rap,
2D3F237F,Like It Never Happened,Elizabeth & the Catapult,folk,
2D3F237F,Fine Without You,Shawn Davis,dance,
2D3F237F,The Calming,Evo,electronic,
2D3F237F,Afterlife,Sharkhuman,dance,
2D3F237F,Burning Inside,Rayden,dance,
2D3F237F,Here You Go,J-Nice the Kingdom Builder,spiritual,
2D3F237F,Wearing It Out,Jetset Royals,rock,
2D8B2447,Dodekanisiaki Sousta,Michalis Gambierakis,world,
2D8B2447,Kykladitiki Sousta,Vaggelis Konitopoulos,world,
2D8B2447,Last night in Karipis (Ehtes to vrady stou Karipi),Yorghos Katsaros,world,
2D8B2447,I Sousta Pigaine Mprosta,Giannis Kalatzis,world,
2D8B2447,Sousta Folk,Asestar,miscellaneous,
2D8B2447,Sousta Politiki,And. Dalgas,world,
2D8B2447,Roditiki sousta,Nikos Zoidakis,world,
2D8B2447,Sousta,Banta tis Florinas,world,
2D8B2447,Ahtoudiana Pentozalia,Alekos Karavitis,world,
2D8B2447,Sousta,Trad.Arr. Demetrios Lekkas Thanassis Moraitis,world,
2D8B2447,Sousta Politiki,Dalgas,world,
3AB1E7B5,Fabulous,Original Cast of wonder.land,melodic,
3AB1E7B5,I Could Have Danced All Night,The Cast Of My Fair Lady,miscellaneous,
3AB1E7B5,Good Morning,The 'Singin' in the Rain' Company,melodic,
3AB1E7B5,S.O.S.,Hilton McRae,classical,
3AB1E7B5,The Loco-Motion,Vika and Linda Bull,melodic,
3AB1E7B5,Beautiful,Barbara Bryne,broadway,
3AB1E7B5,Zorba's Dance,Mediterranean Flavours,soundtrack,
3AB1E7B5,Engel aus Kristall,Hannes Staffler,melodic,
3AB1E7B5,"Prelude: The Ballad of Sweeney Todd: ""Attend the Tale of Sweeney Todd""",Len Cariou,broadway,
3AB1E7B5,Without Love You Can Save The World,Crazy Ex-Girlfriend Cast,soundtrack,
3AB1E7B5,Ou Ca Mène Quand On S'aime,Anne-Laure Girbal Et Emmanuel Moire,melodic,
3AB1E7B5,Soul of a Man,Stark Sands,broadway,
3AB1E7B5,Rose Tint My World,Rocky Horror,miscellaneous,
3AB1E7B5,Gethsemane (I Only Want to Say),Tom Butwin,easy,
3AB1E7B5,They're Playing Our Song (The Bows),Lucie Arnaz,vocal,
3AB1E7B5,Tomorrow,Annie,melodic,
3AB1E7B5,All the Young Dudes,Nicholas Christopher,melodic,
3AB1E7B5,Commander Smiley,Daveed Diggs,soundtrack,
3AB1E7B5,It's My Life,Mark Seibert,melodic,
3AB1E7B5,Light in the Darkness,Original Stage Cast of Disconnected,easy,
3AB1E7B5,The Phantom Of The Opera (Theme),Skitch Henderson & The New York Pops,melodic,
3AB1E7B5,Science Fiction Double Feature,Rocky Horror,miscellaneous,
3AB1E7B5,Il fait beau,Kyle Dillingham,easy,
3ABD7F5F,Kakva Noć (Svi Na Ples),Neki to vole vruce,pop,
3ABD7F5F,Diridonda,Novi Fosili,pop,
3ABD7F5F,U Ritmu Me Okreni,Marina Perazić,pop,
3ABD7F5F,Sve Što Je Vječno Kratko Traje,Réplica,rock,
3ABD7F5F,Mr. Druze Tito,Andra Generationen,world,
3ABD7F5F,Ederlezi,Coq Au Vin,world,
3ABD7F5F,Zašto Praviš Slona Od Mene Pt. 1,Dino Dvornik,pop,
3ABD7F5F,Sesta Zena,Skaut,rock,
3ABD7F5F,89,Alen Slavica,pop,
3ABD7F5F,Tramvaj Plavi,Adastra,rock,
3ABD7F5F,Saša,Novi Fosili,pop,
3ABD7F5F,Amadeus,Magazin,pop,
3ABD7F5F,Moj Prijatelj Anu Ljubi,Novi Fosili,pop,
3ABD7F5F,Princeza,DADO,pop,
3ABD7F5F,Ederlezi,Ta Paidia Ap' Tin Patra,balkan,
3ABD7F5F,Vodi Me Iz Ovog Grada,Amila,pop,
3D4399B4,Tasty Pie,Inoj Kreativ,rock,
3D4399B4,Дима,Алиса Милош,ruspop,
3D4399B4,Не важно,Dima Dance,ruspop,
3D4399B4,Если ты,SAMATI,rusrock,
3D4399B4,Десантная доля,Владимир Воронов,russian,
3D4399B4,По краю,Ток,hard'n'heavy,
3D4399B4,Чи хуа хуа,Larson,rusrap,
3D4399B4,Снегом замело,Весна,ruspop,
3D4399B4,Школа,Татьяна Клеветова,ruspop,
3D4399B4,Я Нуждаюсь В Тебе Мой Спаситель (Ya Nuzhdayus V Tebe),Nikolai R. Pankratz,spiritual,
3D4399B4,Офицеры (От героев былых времён),Виталий Волин,chanson,
3D4399B4,Туманы,Алексей Романюта,shanson,
3D4399B4,Леди,Улицы,ruspop,
3D4399B4,Валенки,Настя Полякова,folk,
3D4399B4,Асылым,Айқын Толепберген,pop,
3D4399B4,Крымская,Теуникова и КоМПОзит,russian,
3D4399B4,Train,Константин Селезнёв,metal,
3D4399B4,А я жила,Сёстры Марцинкевич,estrada,
3D4399B4,Письмо,Сергей Горбацкий & ВИА СПЕЦНАЗ,shanson,
3D4399B4,Погаси,Totem,hardcore,
3D4399B4,В конце пути,Татьяна Снежина,ruspop,
3D4399B4,Денег на метро! (Дай мне),SUBWAY сейшн,rock,
3D4399B4,Ариадна,Александр Владыка,rusrock,
3DA697DB,L'elisir d'Amor: Una furtiva lagrima,Carlo Bergonzi,opera,
3DA697DB,Surullinen Sunnuntai -Szomoru Vasarnap-,Harri Marstio,pop,
3DA697DB,Szomorú Vasárnap,Yellow Spots,alternative,
3DA697DB,Gloomy Sunday / You See This Is Love (Szomorú Vasárnap / Látod Ez a Szerelem),Mihály Borbély Quartet,jazz,
3DA697DB,A Traurige Sunntog - Szomorú Vasárnap,Susanne Hell & Jaro Gregorovic,jazz,
3DA697DB,Szomorú vasárnap,Köteles István,pop,
3DA697DB,Szomorú Vasárnap,Lakatos Vilmos,world,
3DA697DB,Surullinen sunnuntai - Szomoru vasarnap,Kai Hyttinen,pop,
3DA697DB,Szomorú vasárnap,Fókatelep,world,
3DA697DB,Szomorú Vasárnap,Sándor Járóka And His Gypsy Band,world,
3DA697DB,Száz Panasz Ég A Dalomban,Karády Katalin,pop,
3DA697DB,Gloomy Sunday,Barbara Sukowa And The X-Patsys,jazz,
3DA697DB,The Bewitched Love: Ritual Fire Dance,Cyprien Katsaris,classical,
3DA697DB,Szomorú Vasárnap (gloomy Sunday),Vardos,world,
3DA697DB,Szomorú Vasárnap,Nyári Károly,pop,
3E2B5AF0,Dee Dee & the Vegetable Cake,Henning Pertiet,blues,
3E2B5AF0,Billy S.,Skye Sweetnam,pop,
3E2B5AF0,Nobody's Friend,Kevin McLeod,rock,
3E2B5AF0,Hopeful,v e g e t a b l e s,indie,
3E2B5AF0,Umbrella,Mechanical Bride,rock,
3E2B5AF0,Eddie My Darling,Kathy Young,pop,
3E2B5AF0,Ultrasound,Johnny Massacre And The Disruptors,electronic,
3E2B5AF0,Bad Moon Rising (Cover),Peter Dreimanis,soundtrack,
3E2B5AF0,Cool Blue,The Japanese House,electronic,
3E2B5AF0,Mm-Ma-Ma (They Call Me Crazy Loop),Amazing Karaoke,pop,
3E2B5AF0,Cats Don't Lie,Nanokill,alternative,
3E4BFAA7,White Christmas,Breakout Sister,dance,
3E4BFAA7,Angels We Have Heard On High,Sixpence None The Richer,holiday,
3E4BFAA7,Trippin' The Lovelight Fantastic,Erik Truffaz,conjazz,
3E4BFAA7,Otaq,Promete,hip,
3E4BFAA7,How High the Moon,Peppino Principe,jazz,
3E4BFAA7,How High the Moon,The Medieval Jazz Quartet,jazz,
3E4BFAA7,How High The Moon,Barbara Lea,jazz,
3E4BFAA7,Chicago,The Buddy Rich Big Band,jazz,
3E4BFAA7,Weiss,Basstard,hip,
3E4BFAA7,How High the Moon 1954,Eileen Barton,pop,
3E4BFAA7,How High the Moon,Saxophone Hooks,pop,
3E4BFAA7,Viaticum,Esbjörn Svensson Trio,jazz,
3E4BFAA7,White Christmas,Del Reeves,holiday,
3E4BFAA7,White Christmas,Dwayne Starlight,children,
3E4BFAA7,How High The Moon,Emilie-Claire Barlow,jazz,
3E4BFAA7,The Boys in Blue,Micka Luna,soundtrack,
3E4BFAA7,Good King Wenceslas,Holiday Exercise,holiday,
3E4BFAA7,Deck The Halls,J Rae,electronic,
3E4BFAA7,White Christmas,Lara & Reyes,pop,
3E4BFAA7,How High The Moon,Dick Haymes,jazz,
3E4BFAA7,How High the Moon,Niels Jørgen Steen's Beatkapel,jazz,
3E4BFAA7,How High The Moon,Charles Brown Trio,pop,
3E4BFAA7,Russia from Above (Main Theme),Boris Salchow,soundtrack,
3E4BFAA7,Put’Em In A Box Tie It With A Ribbon [And Throw ’Em In The Deep Blue Sea],King Cole Trio,jazz,
3E4BFAA7,Mon Coeur Se Brise,Djam & Fam,pop,
3E4BFAA7,How High The Moon,Slim Gaillard,jazz,
3E4BFAA7,How High the Moon,JATP All Stars,jazz,
3E4BFAA7,How High the Moon,Matching Ties,country,
3E4BFAA7,How High the Moon,Bar Music Jazz Stars,jazz,
40296EF3,All Along The Watchtower,Merrel Fankhauser,rock,
40296EF3,All Along The Watchtower,Cary August,pop,
40296EF3,All Along The Watchtower,Lonnie Youngblood,funk,
40296EF3,All Along the Watchtower,David West,rock,
40296EF3,California Dreamin' / All Along the Watchtower,Michael Milner,rock,
40296EF3,All Along The Watchtower,Bjørn Fjæstad,pop,
40296EF3,All Along the Watchtower,Crazy Chris Kramer,world,
40296EF3,All Along the Watchtower,Den Fiori,pop,
40296EF3,All Along the Watchtower,Z-Star Delta,blues,
40296EF3,All Along the Watchtower,Gandalf Murphy & The Slambovian Circus of Dreams,folk,
40296EF3,All Along The Watch Tower,Affinity,pop,
40296EF3,All Along the Watchtower,Play & Learn,rock,
40296EF3,All along the watchtower,Calvin Russell,rock,
40296EF3,All Along the Watchtower (Cool & Classy Take On Paul Weller),Cool & Classy,rock,
44371131,Fuga y Misterio,12 Cellists of the Berlin Philharmonic,world,
44371131,Cerība,Интарс Бусулис,estrada,
44371131,"Victory Celebration (Theme From ""Star Wars Episdode VI"")",Starlite Orchestra,soundtrack,
44371131,Посвята жінці,Володимир Дорош,pop,
44371131,Claro De Luna,Ana Gabriel,children,
44371131,Caminito,Sarita Montiel,latin,
44371131,Swing Is In,Louis Funny Group,world,
44371131,Mazurka dell'amore,Moulin Rouge,pop,
44371131,Topolino in motorino,Del Baldo,miscellaneous,
44371131,Tren,Luca Donini,world,
44371131,Luna Luna Luna,Lou Monte,pop,
464A7841,Kissing Garden,Olga Scotland,easy,
464A7841,Playing With the Light,Brindley Brothers,folk,
464A7841,Blood Drive,Joshua Burnside,rock,
464A7841,Coney Island,Giulia Millanta,folk,
464A7841,This Train Is Gone,Frankie Chavez,rock,
464A7841,I’m in Love,Message for Matilda,folk,
464A7841,Some Time,Pat Donohue,folk,
464A7841,Tell God I Need a Favor,Sleep Walk,folk,
464A7841,Other People Other Places Other Times,Jeff Ashbaker,folk,
464A7841,Memories,Geysir,rock,
464A7841,Brennan's Theme,Mushman,rock,
47E5088,Как ты там,Катерина Голицина,world,
47E5088,В твоих глазах,Анжелика Султанова,caucasian,
47E5088,Жди,Алмас Багратиони,ruspop,
47E5088,Перелётная птица,Андрей Долотов,shanson,
47E5088,Murka,La Minor,world,
47E5088,Лишь ты одна,Сергей Пискун,shanson,
47E5088,А ты в Томске бывал,Валерий Петеримов,russian,
47E5088,Какой же русский не любит...,Георгий Гриф,shanson,
47E5088,Что же делать?,Группа «Домбай»,world,
47E5088,Любимая,Владимир Ждамиров,shanson,
47E5088,Встреча,Захаров В. & Воробей А.,rock,
47E5088,Клофелиновая история,Евгений Росс,shanson,
49BD04B4,Greek Virgin,Aquaforce,reggae,
49BD04B4,Fable,7too,reggae,
49BD04B4,Sleep When Your Dead,Numerical,reggae,
49BD04B4,Lord of Glory,Mile City Music,religious,
49BD04B4,Al Primo Colpo,Sikitikis,reggae,
49BD04B4,Go Back,Wizcutz,reggae,
49BD04B4,Pornwatch Weeks Original,T.I.L.F.,electronic,
49BD04B4,Stop That Noise,Leonardo Da Vinyl,electronic,
49BD04B4,Mash Up,Mr.Boogie,dubstep,
49BD04B4,На радостях,OPEN KIDS,ruspop,
4B57D0E0,Let Me Down Slow,AFSHeeN,dance,
4B57D0E0,Ride Home,Akurei,electronic,
4B57D0E0,Sonderling,Zonderling,dance,
4B57D0E0,In the Death Car,Les Ombres,world,
4B57D0E0,Trouble,Curses,dance,
4B57D0E0,Dark Days,Dark Days In The Sun,pop,
4B57D0E0,Stripped,Shiny Toy Guns,electronic,
4B57D0E0,Where Do We Go,Jay Xero & Rochee,electronic,
4B57D0E0,Comea,BSH,dance,
4B57D0E0,Sex on the Phone,Psychodelico,electronic,
4BAA8999,"J.S. Bach: St. John Passion BWV 245 / Part One - No.1 Chorus: ""Herr unser Herrscher""",The Monteverdi Choir,classical,
4BAA8999,Le réveil profond,Joëlle Léandre,classical,
4BAA8999,To the Dark and Silent Tomb,Evelyn Tubb,classical,
4BAA8999,Let In Your Love,Ane Brun,pop,
4BAA8999,Amadigi: Pena tiranna (Aria),Maite Beaumont,classical,
4BAA8999,"Theodora HWV 68: Aria ""With Darkness Deep as In My Woe""",Accademia Bizantina,classical,
4BAA8999,Concerto in D Minor H.116 Op. 7: I. Grave,Cafe Zimmermann,classical,
4BAA8999,"Porpora: Carlo il Calvo / Act 2 - ""Quando s'oscura il cielo""",Max Cencic,classical,
4BAA8999,Eclipse,Zsófia Boros,classical,
4BAA8999,Toccata nona,Bruno Helstroffer,classical,
4BAA8999,The Fairy Queen - Act II - A Bird's Prelude,Jordi Savall,classical,
4BAA8999,Milonga,Zsófia Boros,classical,
4BAA8999,Somerset Maugham,Keren Ann,folk,
4BAA8999,Strands,Jakob Bro,conjazz,
4BAA8999,"Handel: Rinaldo HWV 7a / Act 1 - ""Cara sposa amante cara""",Franco Fagioli,classical,
4BAA8999,"Porpora: Il Trionfo di Camilla / Act 2 - ""Va per le vene il sangue""",Max Cencic,classical,
4BAA8999,J'ayme trop mieux souffrir la mort,Vincent Dumestre,classical,
4BAA8999,Senhora do Monte,Alfredo Marceneiro,world,
53B9A51D,Verdi: Falstaff / Act 2 - Signore v'assista il cielo!,Leo Nucci,classical,
53B9A51D,J.S. Bach: Suite No.3 In D BWV 1068 - 2. Air,David Bell,classical,
53B9A51D,Lohengrin WWV75,Nlpo,classical,
53B9A51D,Alma redemptoris mater,Джованни Пьерлуиджи да Палестрина,classical,
53B9A51D,"Mass ""Assumpta est Maria"": Credo",Timothy Brown,classical,
53B9A51D,Mefistofele Atto terzo: Lontano lontano (Faust Margherita) - (Boito),Orchestra Del Teatro Dell'Opera Di Roma,classical,
53B9A51D,Ride Of The Valkyries,Midnight Reapers,holiday,
53B9A51D,Verdi: La forza del destino / Act 2 - Sta bene,Richard Van Allan,classical,
53B9A51D,Trio Sonata I Op. 3,Poeticall Musicke,easy,
53B9A51D,Rondo From 4th Horn Concerto In E Flat,The Band Of Yorkshire Imperial Metals,pop,
53B9A51D,ATTO QUARTO: Il vostro giuramento vi sovvengo (Maddalena/Schmidt),Gabriele Santini,classical,
53B9A51D,"Meyerbeer: L'Africaine Act 4: ""Pays merveilleux... O Paradis... Conduisez-moi vers ce navire"" (Vasco de Gama)",Bryan Hymel,vocal,
53B9A51D,"Lakmé Act I: Duetto. ""Viens Mallika"" (Lakmé Mallika)",Georges Pretre,classical,
53B9A51D,Sonata for Piano No. 20 in A D959: II.      Andantino,David Levine,classical,
53B9A51D,La danza delle ore,Orchestra e Coro del Teatro Metropolitan di New York,classical,
53B9A51D,"Act 1 ""Adina credimi te ne scongiuro"" [Nemorino Belcore Adina Giannetta Chorus]",Marcello Viotti,classical,
53B9A51D,Prelude MB 1,Daniel-Ben Pienaar,classical,
53B9A51D,Videntes stellam Magi,The Sixteen,classical,
53B9A51D,"Vivaldi: Nisi Dominus (Psalm 126) R.608 - 4. ""Cum dederit"" (Andante)",Andreas Scholl,classical,
53B9A51D,Il nostro concerto,Giuseppe Di Stefano,classical,
53B9A51D,Adriana Lecouvreur: Poveri fiori (Act 4),Mirella Freni,classical,
53DB6A0B,Ghost Dog,Aksim,hip,
53DB6A0B,Nostalgiaa,Evelina,pop,
53DB6A0B,Hattiwatti,Kube,rap,
53DB6A0B,Kesken,Gasellit,rap,
53DB6A0B,Denssi,Seksikäs-Suklaa,rap,
53DB6A0B,Mitä sä haluut,Tippa,rap,
53DB6A0B,Hot Dog Hall of Fame,Lika-Aki,rap,
53DB6A0B,Laiskuus,Dauda Koroma,rap,
53DB6A0B,Lähetystyö,Ultra Bra,pop,
53DB6A0B,Osta myy vaihda,Opaali,rap,
53DB6A0B,Muistutat mun Jeeppii,Ruudolf,rap,
53DB6A0B,Leijonakuningas,Ellinoora,pop,
53DB6A0B,Iisii,Konsta,rap,
53DB6A0B,Ne Näkee Meijät Kaukaa,Prinssi Jusuf,rap,
554EA705,Honesty,Austin Renfroe,pop,
554EA705,Oh Oh Oh Oh,Anthony Callea,dance,
554EA705,Your Love Still Haunts Me (feat. Elissa),Beat Thrillerz,dance,
554EA705,Never Let It Go,Nikki,pop,
554EA705,Stronger (What Doesn't Kill You),Joselyn Rivera,pop,
554EA705,Darling Darling,livetune+,electronic,
554EA705,Mr Right Now,Parade,pop,
554EA705,Compass,Lady Antebellum,country,
554EA705,Way We Are,Kove,dance,
554EA705,Twenty Something,Invisible Panda Club,pop,
554EA705,Young And Restless,Benjamin,pop,
554EA705,Animal,Kristina Maria,pop,
554EA705,Damn the Torpedoes,Rob Daiker,pop,
554EA705,Hands Up!,Like Clockwork,pop,
554EA705,Primadonna Girl (Yeah),Primadonna Girl,pop,
5645820,Hay Şansıma,Nazlı,pop,
5645820,Canavar,Derya Uluğ,pop,
5645820,Ne Zaman,Ahmet Şeker,türkçe,
5645820,Demesinler,Sinan Akçıl,pop,
5645820,Nasıl Mutluluklar Dilerim (feat. İsmail Yk),Erkam Aydar,pop,
5645820,Dön Dünya,Mustafa Sandal,pop,
5645820,Söylesem Ayıp Olur,Gökhan Keser,pop,
5645820,Youm Wara Youm,Cheb Mami,miscellaneous,
5645820,Yalnız Ordusu,Erdem Kinay,pop,
5645820,Emirin Öfkesi,Toygar Işıklı ,soundtrack,
5645820,Helallik,Emren,pop,
5645820,Alışamıyorum,Cem Belevi,pop,
5645820,Sen Maşallah,Güven Yüreyi,pop,
586C7E52,Wipe Out,The Surfaris,pop,
586C7E52,Way Back When,Grizfolk,soundtrack,
586C7E52,Malevaje,Luis Tuebols et son orchestre,world,
586C7E52,Little Girl Bad,Joanie Sommers,pop,
586C7E52,Le sud,Mozortilo and His Orchestra,dance,
586C7E52,Careless Santa,Mono Puff,rock,
586C7E52,A Hundred Pounds a Day,Craig Douglas,pop,
586C7E52,Il est où l'bonheur,Jérome Robert,pop,
586C7E52,In the Basement,Deborah Coleman,blues,
586C7E52,Wild Side Of Life,Ray Campi,rock,
586C7E52,Hard Hard Traveling Man,Dick Curless,country,
586C7E52,Jalousie,Eric Bouvelle,pop,
58A17B,Facebook My,Albert de Wet,pop,
58A17B,Manhattan,Scott Walker,pop,
58A17B,Do You Speak English (Duet),Carike Keuzenkamp,pop,
58A17B,Ek Wil Jou Nooit Weer Sien,Straatligkinders,rock,
58A17B,E.I.T.,Comando Suzie,alternative,
58A17B,Punkkaufmann,Nina Hagen,dance,
58A17B,Wir Lagen Vor Madagaskar,Ginsberger Heidesänger,pop,
58A17B,La Bague Que Brille,Jimmy C. Newman,world,
58A17B,Ek Is Lief Vir Ma,Joe Niemand,christian,
58A17B,Bloeubergstrand,Ben E Madison,world,
58A17B,Die Wals,Foto Na Dans,rock,
58A17B,o Boeraplaas,Kobus,rock,
58A17B,Cirkus,Bo Kaspers Orkester,pop,
58A17B,Little Lovin',Cajun Roosters,world,
58A17B,BMW,Gereformeerde Blues Band,world,
58A17B,In Einem Polenstädtchen,Kasernenchor Wellersberg,pop,
58A17B,Horă De La Ștefănești,Ilie Udilă,world,
58A17B,I Get Wet,Andrew W.K.,rock,
58A17B,My Lys Verskonings,Fokofpolisiekar,rock,
58A17B,J'ai Fait Une Grosse Erreur,Jimmy C. Newman,world,
5A8C45BD,Miss Me,The Pooh Sticks,rock,
5A8C45BD,Anything Could Happen,The Clean,alternative,
5A8C45BD,Million Dollars To Kill Me,Joyce Manor,alternative,
5A8C45BD,Meet Me By The Water,Saturday Looks Good To Me,rock,
5A8C45BD,Make Out Club,Unrest,alternative,
5A8C45BD,Foolish,Valley Hush,pop,
5A8C45BD,Not Quite Burning Bridges,Bunnygrunt,indie,
5A8C45BD,Palmeras,Clubz,rock,
5A8C45BD,You Should All Be Murdered (Another Sunny Day),Battery Point,rock,
5A8C45BD,Superboy & Supergirl,Tullycraft,indie,
5A8C45BD,Bees and Swans,Beta Radio,singer,
5B5D8EB4,For Me You Are Dub,Prince Fatty,reggae,
5B5D8EB4,What Junior Band Did Next,Robots In Disguise,electronic,
5B5D8EB4,Antartic,Emilie Simon,film,
5B5D8EB4,Leipzig,Client,pop,
5B5D8EB4,Gina,Holly Miranda,indie,
5B5D8EB4,Come Into My Heart (feat. Nina Hagen Louies Taylor & Jeremy Allom),Loka Nunda,rock,
5B5D8EB4,Mismo,Zimpala,alternative,
5B5D8EB4,These Days,Lost Balance,alternative,
5B5D8EB4,African Reggae,Nina Hagen,pop,
5B5D8EB4,99 Ways,Jane Wiedlin,pop,
5B5D8EB4,The Switchboard Girl,Future Conditional,electronic,
5B5D8EB4,Still Guarding Space,Anja Garbarek,relax,
5B5D8EB4,Not Tonight,Ambra Red,electronic,
5B5D8EB4,Wolna,Mela Koteluk,pop,
5B5D8EB4,Podkarsten,Ina Müller,pop,
5B5D8EB4,Angst,Blind Divine,electronic,
5B5D8EB4,Reckless,Karmacoda,electronic,
5BD1C08E,Чайка,Partsvaniya,local,
5BD1C08E,Good Feeling,Nick Peloso,dance,
5BD1C08E,What Happened,Rave Busterz,dance,
5BD1C08E,Everything,Derek Pope,rap,
5BD1C08E,Space Eagle,Alaska in Winter,electronic,
5BD1C08E,9 Job (feat. Belly),Rordog,hip,
5BD1C08E,Конкистадор,Трувер,folk,
5BD1C08E,mon ton ton,Humans,indie,
5BD1C08E,Max Payne,Mahda,hip,
5BD1C08E,Солнечные зайчики,Zambezi,rusrap,
5BD1C08E,Swerve,Tray Joinzz,rap,
5DE01096,Momo,Colman Brothers,jazz,
5DE01096,Let's Get It Right,Rookie,rock,
5DE01096,EVP Pt. 1,Daniele Santini,dance,
5DE01096,Need You,Hazey Eyes,dance,
5DE01096,Vision Animal,Black Merlin,electronic,
5DE01096,Sabe Bien,Félix y Gil,latin,
5DE01096,Take Off The Blues,The Foreign Exchange,soul,
5DE01096,Mystic Music Garden,J Sasz,electronic,
5DE01096,Atlanta Nights,Kemeticjust,electronic,
5DE01096,Song for Bourdain,Moscoman,melodic,
5DE01096,Missing,Other,dance,
5DE01096,Jazzy Afternoon,hernan cronner,house,
5DE01096,My People,Te'amir,urban,
5DE01096,When the Sunshine Comes W/ Chorus,Kero One,hip,
5DE01096,Misterio de Verano,Zombies In Miami,indie,
5DE01096,Jardim,Tita Lima,electronic,
5DE01096,My Jazz Is Electronic,G-ROM,dance,
60DA50FD,Spaceship Like Coffin,Doppelgänger,alternative,
60DA50FD,Forgive Us Now,Red Sun Revival,alternative,
60DA50FD,Que No Amanezca,Amáutica,rock,
60DA50FD,Static Unload,Edera,electronic,
60DA50FD,Vampire of Vienna,The Nightchild,alternative,
60DA50FD,Celtic,Eilera,rock,
60DA50FD,Everything Gone Grey,The Preachers of Neverland,rock,
60DA50FD,The Hunt,The Nightchild,alternative,
60DA50FD,Dead Motions,Date At Midnight,alternative,
60DA50FD,Let Me In,The Eden House,rock,
60DA50FD,Monotone & Ambiguous,Edera,electronic,
60DA50FD,Dressed in white,Sinamore,rock,
60DA50FD,I'll Wait Forever,Ex-Voto,rock,
60DA50FD,I Walk with the Goddess,Kellianna,new,
60DA50FD,Phantom,LowCityRain,rock,
61D3BAEA,Dark Moon,Kutz,drum,
61D3BAEA,Coldwater,TheStandard,dance,
61D3BAEA,Loophole,The Unlimiters,reggae,
61D3BAEA,Tyson Fury,Genetix,electronic,
61D3BAEA,Man a Talk,Serial Killaz,electronic,
61D3BAEA,Be Strong,Claire Angel,reggae,
61D3BAEA,Warriors,The Dream Team,dance,
61D3BAEA,Glass House,L-Side,electronic,
61D3BAEA,Rubba Dub Selection,DJ Westy,electronic,
61D3BAEA,Special Request,DJ Hybrid,drum,
61D3BAEA,Give It Up (Old Skool Style),Ragga Twins,dance,
61D3BAEA,We Transform Sound into Light,An-ten-nae,electronic,
61D3BAEA,Spit Fire,Run Tingz Cru,drum,
61D3BAEA,Happy,Illbilly Hitec,reggae,
61D3BAEA,Rude Boy Talk,Kinetical,reggae,
61D3BAEA,Accused Remix,Matt Scratch,hardcore,
61D3BAEA,Roll Through,Saxxon,drum,
61D3BAEA,Vernaculo,Future Brown,soundtrack,
61D3BAEA,Don Man Sound,Capitol 1212,drum,
61D3BAEA,Young Girl,Gentleman's Dub Club,reggae,
69017EBD,Opener,Brough,rock,
69017EBD,Driving Force,Pour Soul,funk,
69017EBD,sweet victory,Ben Reel Band,rock,
69017EBD,5 Etudes-tableaux P. 160: No. 1. The Sea and Seagulls (after Rachmaninov's Op. 39 No. 2),Отторино Респиги,classical,
69017EBD,Now That You've Got It,The Soul Snatchers,rnb,
69017EBD,Old School,Sammy DiBattista,rock,
69017EBD,Young at Heart,J-Livi & the Party,urban,
69017EBD,Antiche danze ed arie [Ancient Airs and Dances] : Suite No.3 : III Siciliana,Hugh Wolff,classical,
69017EBD,Without Love,Achachay!,rock,
69017EBD,Superfly,Curtis Mayfield,rnb,
69017EBD,Cruising by Night,Alex Puddu,funk,
6DBD3209,Tonari No Totoro,Mic Musicbox,jpop,
6DBD3209,Totoro,Joe Vitale,blues,
6DBD3209,Psalm o Milosierdziu,Vox Anime,children,
6DBD3209,Mc Totoro,Keneda,hip,
6DBD3209,Tonarino Totoro,Runa Miyoshida,jpop,
6DBD3209,Drop It Like It's PS1,LEXION G8WAY ANIME YATCH,rap,
6DBD3209,Tonarino Totoro,Angel's music box,jpop,
6DBD3209,Pizzicapizzica,Stella Grande e Anime Bianche,world,
6DBD3209,อีสานบอย,Zuric,pop,
6DBD3209,We Don't Dial 911,Anime Love Hotel,electronic,
6E2534E6,Alligator Woman,Alligators,rock,
6E2534E6,What & How & If & When & Why,Bill Wyman,rnr,
6E2534E6,Miserlou,The Trashmen,rock,
6E2534E6,Radiohead,Robb James,rock,
6E2534E6,Apache,Ritchie Blackmore,rock,
6E2534E6,Train Kept a Rollin',Johnny Burnette Trio,rock,
6E2534E6,Rockin' All Day and Night,Denis Mazhukov,rock,
6E2534E6,Roach Racing,The Guitaraculas,rock,
6E2534E6,Chantilly Lace,The Big Bopper,pop,
6E2534E6,Grease Your Hair and Get Tattoed,The Razorblades,rock,
6E2534E6,Ты со мной,Псевдоним,rock,
6E2534E6,Hi-Class mama,The Wise Guyz,rock,
6E2534E6,Postman,Calpurnia,rock,
6E2534E6,Bim Bam,Sam Butera and the Witnesses,rock,
6F22065E,Comadi,Céu,world,
6F22065E,Бразильская драма,Далеко от Москвы,alternative,
6F22065E,Raga,Claudio Celso,brazilian,
6F22065E,Momento,Bebel Gilberto,pop,
6F22065E,Tá Escrito,Grupo Revelação,soundtrack,
6F22065E,Na hora do adeus,Sua Mãe,rock,
6F22065E,Il cielo in una stanza,Italiani Bossa,dance,
6F22065E,Enigma,Jo & Tuco,brazilian,
6F22065E,Samba de Verao,Brazil Beat,pop,
6F22065E,1.10000 (Nega Marrenta),Ana Carolina,pop,
6F22065E,Russia,The Brazilian Brass Band,latin,
6F22065E,Ousadia & Alegria,Thiaguinho,samba,
6F22065E,Banho De Perfume,Banda Beijo,pop,
6F22065E,Brigitte Bardot,Zeca Baleiro,brazilian,
6F22065E,Amor Meu Grande Amor,Barão Vermelho,pop,
7013006E,Chill Out,Space Spotter,chill,
7013006E,Levyana,Rockford Inc.,house,
7013006E,Smoke,Paolo Faz,dance,
7013006E,Remote,Andy Joyce,dance,
7013006E,Mature Means Perfect,Maxpaga,deep,
7013006E,The Woods,HiDDE,dance,
7013006E,Nothin' but the Air,Bradford:Alan:Davidson,easy,
7013006E,Ocean Breeze,Ml,chill,
7013006E,Game Lady,Zarbano & Virgillo,dance,
7013006E,Fantasy Strings,scitex,electronic,
7013006E,The Pulse,SystemmanC,progressive,
7013006E,Call Out,Chill Hours,electronic,
71255BAD,Давай договоримся,Ягич,shanson,
71255BAD,Московское море,Константин Тарновский,rusrock,
71255BAD,Кольты,Кьянти,rock,
71255BAD,Не прогони любовь,Егор Диких,rock,
71255BAD,Камбэки,Локаут,pop,
71255BAD,Сладкий дым,RECODA,alternative,
71255BAD,Не поётся мне и не пишется,Александр Сонин,folk,
71255BAD,Селфи с пингвином,Питер-Москва,local,
71255BAD,Мы не одни,Теория,punk,
71255BAD,Без тебя,Tabasco Band,rusrock,
71255BAD,Золото солнца,Андрей Варфоломей,world,
71440F30,Fingertips,Attom,pop,
71440F30,One,Axel Johansson,dance,
71440F30,Jailhouse,Carmon,hip,
71440F30,Stop This Train,Stupid Goldfish,dance,
71440F30,Control,Havsun,pop,
71440F30,Space,Loe,dance,
71440F30,Call You,Jens,pop,
71440F30,Chit Chat,Small Talk,pop,
71440F30,I Don't Mind,Oh! Wow,dance,
71440F30,Backseat Lovin',Sonny Alven,electronic,
71440F30,Another Way,Akkadia,dance,
71440F30,Say The Word,Moody,pop,
7170EFE0,Lost Angeles,Powersolo,rock,
7170EFE0,One to Walk the Line,Creed Fisher,country,
7170EFE0,Off the Rails,Bottleneck,hip,
7170EFE0,Back to Georgia (feat. Craig Campbell),The Lacs,country,
7170EFE0,The South Never Died,Moccasin Creek,southern,
7170EFE0,White Trash,Upchurch,hip,
7170EFE0,Country Folks (feat. Colt Ford & Danny Boone),Bubba Sparxxx,country,
7170EFE0,Rebel in Me,Brett Myers,country,
7170EFE0,Yuppie Folks Can't Survive (feat. Bottleneck),Outlaw,children,
7170EFE0,Cowboys Rock,Red Dirt Rock Band,country,
76E06E09,Death & Taxes,Black,rock,
76E06E09,Red & Gold,Eigenart,easy,
76E06E09,Red Flower,Devour the Day,hard'n'heavy,
76E06E09,Fistfuck Stalin,Blow Jones,rock,
76E06E09,Spoon,VEGAS BABY,rock,
76E06E09,Pastry Cream,Mimmo Langella,pop,
76E06E09,Rhododendron,Dust Collectors,hip,
76E06E09,My Little Stars,Helltrain,metal,
76E06E09,Live,Deep House,dance,
76E06E09,Rhododendron Ericaceae (Alpenrose),Bjornemyr,ambient,
76E06E09,Red,Elbow,indie,
76E06E09,Hot Stuff,Krokus,rock,
76E06E09,Hot Stuff,Trancemission,dance,
76E06E09,To Live to Die,Oberon,rock,
76E06E09,The Revenant,Pasty Cline,rock,
76E06E09,Toaster Strudel,Faith Buried in Flames,metal,
76E06E09,Chill Deam,M.Caroselli,electronic,
76E06E09,Rhododendron Flowers,Stefan Cotter & The Rastabillys,reggae,
76E06E09,Balls,Black Spiders,rock,
76E06E09,Shelf,Sources,sport,
794B409F,Тропари Глас 1,Иеродиакон Герман (Рябцев),local,
794B409F,Ko-brah,Ah Cama-Sotz,electronic,
794B409F,Prepare For The Final Awakening (OKK-ULTh vs ACS),Ah Cama-Sotz,electronic,
794B409F,Evasive,Iron Cthulhu Apocalypse,electronic,
794B409F,Eyes,Monuments,electronic,
794B409F,The Ghost of Nezehualpilli,Iron Cthulhu Apocalypse,electronic,
794B409F,Surah Al Shamas,Qari Sheikh Abdul Basit Abdul Samad,world,
794B409F,Greydropped,Fluorescent Grey,experimental,
794B409F,Lord I Have Cried - BONUS TRACK,The Georgian Harmony Choir,classical,
794B409F,HALLOWEEN - Main Theme,Mark Ayres,soundtrack,
794B409F,YET (feat. Dalyb),VR/NOBODY,rock,
794B409F,Bhima's Theme,OM,rock,
7C4F751C,Millers,Heavy 1,electronic,
7C4F751C,Close Your Eyes,Spirit,drum,
7C4F751C,Standard Deviation,Raw Conscience,electronic,
7C4F751C,Flow Motion,Shiny Radio,drum,
7C4F751C,Ready for Love,EZ Rollers,electronic,
7C4F751C,Without You,Submorphics,dance,
7C4F751C,A Time for Martyrs,Orphx,electronic,
7C4F751C,Mass Hysteria,Bad Company UK,drum,
7C4F751C,Tell Me,Tokyo Prose,drum,
7C4F751C,Мутишь,Vegetarian Sisters,dance,
8674CB2,Don't Want It Here,The Sore Losers,rock,
8674CB2,Feel the Light,Desert Mountain Tribe,progressive,
8674CB2,Tell Me You Love Me,Cordray-Robinson-Campbell,blues,
8674CB2,I've Got To Use My Imagination,The Rides,blues,
8674CB2,Radioactive,Lullaby Kid Biz,children,
8674CB2,Upsidedown Intro,Igor Prado Band,blues,
8674CB2,Devil's Son,The Buddaheads,blues,
8674CB2,Transmissions,Black Lung,rock,
8674CB2,Hank,Two Timer,blues,
8674CB2,Standing on Shaky Ground,Delbert McClinton,folk,
8674CB2,The Artist,Hughes Taylor,blues,
8674CB2,Redemption,Interstate Blues,rock,
8674CB2,Hitchin' to Quivira,Tyler Jakes,rock,
8674CB2,Hush,Bjørn Berge,folk,
8674CB2,Got a Mind,Stone White Elephants,rock,
8674CB2,School Of Rock (Teacher's Pet),The Original Broadway Cast of School of Rock,melodic,
8674CB2,The Outsider,Davy Knowles,rock,
8D91F03F,The Singer Who Fell From Grace With The Song,Novo Homo,industrial,
8D91F03F,The End of an Era,Xperiment,industrial,
8D91F03F,Last Chance,Colony 5,electronic,
8D91F03F,Razor's Edge,Voxis,electronic,
8D91F03F,Am Neutor pocht der Widerschein,Endraum,industrial,
8D91F03F,Image of You,Dekad,alternative,
8D91F03F,Forever,Emanuel Carpus,electronic,
8D91F03F,Latex Dystemper,Aghast View,industrial,
8D91F03F,Apogee,Stoneburner,industrial,
8D91F03F,Danslokal,Waves Under Water,dance,
8D91F03F,Ambitionless,Yendri,electronic,
8D91F03F,Realogic-Lights,Cybertracks - Virtual Audio Project,rock,
8D91F03F,Breaking the Mainframe,Tonebox,dance,
8D91F03F,Translucent,Decoded Feedback,alternative,
8D91F03F,Goliath,Assemblage 23,industrial,
8D91F03F,Stock,Special Darkness,electronic,
8D91F03F,Net Rock,Automatic Chance,electronic,
8D91F03F,Nothing Warms This Room,The Crystalline Effect,industrial,
914EBB0,L'Esperance sous le Domino vert,Rosalind Halton,classical,
914EBB0,Dix huitieme order: VI. Rondeau le tic-toc-choc ou les maillotins,Франсуа Куперен,classical,
914EBB0,Troisième livre de pièces de clavecin Ordre 18: VI. Le Tic-Toc-Choc ou Les Maillotins (Arr. Accordion by Thuriot),Philippe Thuriot,classical,
914EBB0,Livre No. 3 13e Ordre Les Folies Françaises ou les Dominos: No. 7 L'Espérance sous le Domino vert,Pierre Etcheverry,classical,
914EBB0,Pièces de Clavessin: Les Cyclopes,Trevor Pinnock,classical,
914EBB0,Les folies françoises ou les dominos extraits du 3e livre de pièces de clavecin 13e ordre: IV. L'espérance sous le domino vert,Франсуа Куперен,classical,
914EBB0,18. Les cyclopes,Kenneth Gilbert,classical,
914EBB0,"F.Couperin - Troisième Livre De Pièces De Clavecin Ordre Xviii: ""Le Tic-Toc-Choc Ou Les Maillotins"".",Gianandrea Pauletta,classical,
914EBB0,Le Tic-Toc-Choc ou Les Maillotins,Niels Bijl Ronald Moelker,classical,
914EBB0,Les Folies françoises ou les Dominos (13º ordre): L'Esperance sous le Domino Vert,Liselotte Selbiger,classical,
932B0FBE,Living On my Own,90s PlayaZ,pop,
932B0FBE,You Killed Me,Liedfeld,dance,
932B0FBE,Don't Let Go,Motherland Entertainment Group,hip,
932B0FBE,What You Gonna Do,Undercover,pop,
932B0FBE,Be Yourself,CJ bomb,dance,
932B0FBE,Clocks Go Forward,Kashmir Meditation Group,easy,
932B0FBE,Bailando (Feat. Miedo),OG Bachata,latin,
932B0FBE,The Fox,Adrenalin junkie,pop,
932B0FBE,Imagine,Ladyboy,dance,
932B0FBE,You Make Me Feel Good,Pat Hodges,urban,
932B0FBE,Lost,The Azoic,electronic,
932B0FBE,Ale Lolita,Claudia Rojas,latin,
932B0FBE,Mr Saxobeat,Bully Boyz,dance,
932B0FBE,Don't Go,Commercial Radio Group,pop,
932B0FBE,Rebirth,United Passion,dance,
932B0FBE,Still Have a Dream (Official Street Parade 2009 Hymn),Imhoof,house,
932B0FBE,DJ Got Us Fallin' In Love,Pitbull,miscellaneous,
93420135,The Genius of Love,Hardage,electronic,
93420135,Романс,Егише Гаспарян,folk,
93420135,Много не мало,Макпал,ruspop,
93420135,Out of Norway,Frame By Frame,dance,
93420135,Ajamel Part,Sameer Al Bashiri,melodic,
93420135,В Новогоднюю Ночь,iFLY,local,
93420135,Chand Mera Dil,Mohammed Rafi,world,
93420135,Lav Ynker,Sergey Karinyan,pop,
93420135,Air Armenoids,Armenoids,pop,
93420135,Raga Prana,Yantra Mantra,dance,
93420135,Hayastan Barev,Tata Simonyan,world,
93420135,Sky Dreams,DJ Valer,electronic,
93420135,Не жаздым,Арай,estrada,
93420135,"Chand Mera Dil Chandni Ho Tum (From ""Hum Kisise Kum Naheen"")",R. D. Burman,world,
93420135,Mi Neghana,Gagik Hambardzumyan,pop,
93420135,Айта бермеші,Нұржан Керменбаев,folk,
93420135,Туган жер,Группа 101,pop,
956422AD,Sieht eine Frau dich an,Palast Orchester,historisch,
956422AD,Early May,The Diogenes Club,dance,
956422AD,Maybe September,Shirley Horn,jazz,
956422AD,I Wantcha Around,Eartha Kitt,pop,
956422AD,Ikvisa,Zusha,jewish,
956422AD,Cara Maestra,Luigi Tenco,world,
956422AD,Put the Loot in the Boot Santa,Mae West,rock,
956422AD,That's What I Want For Christmas,Flor de Toloache,holiday,
956422AD,Rollo the Viking,Ken Gregory,jazz,
956422AD,Teardrop Painted Blue,Nicola Conte,jazz,
956422AD,Snowbound,Ferrante & Teicher,miscellaneous,
956422AD,(Everybody’s Waitin’ For) The Man With The Bag,Black Prairie,holiday,
956422AD,Santa Claus,Walter Davis,miscellaneous,
956422AD,Annabelle,Hugh Coltman,conjazz,
956422AD,But It Ruins Me,Leslie Clio,pop,
956422AD,The Duelist,Air,relax,
956422AD,Clandestino,Eddie Berman,singer,
956422AD,The Christmas Song,John Edwards,rnb,
956422AD,Midnight Sun,Alex Puddu,rnb,
956422AD,Santa Bring My Baby Back to Me,Mae West,rock,
956422AD,Santa Claus Is Comin' to Town,Jazzy Christmas,miscellaneous,
95E72A31,Electric Symphony,Electric Ladies,classical,
95E72A31,A Quiet Place,Matteo Manfredi,classical,
95E72A31,Vegas Spin,Gerhard Daum,classical,
95E72A31,The Moon Rises,Ponyphonic & Kristen Calvin,classical,
95E72A31,The Irish Meadow,Gabrielle Aapri,classical,
95E72A31,Tango,Sahara,classical,
95E72A31,T he Grackle and the Hamster,Steve Smith,classical,
95E72A31,Entre Ciel et Fer,Les Fragments de la Nuit,classical,
9741C757,I Believe,2 Vibez,electronic,
9741C757,Last Forever,Solano,psychedelic,
9741C757,Tell My Heart,Nora En Pure feat. Dani Senior,dance,
9741C757,Archaic Love,Samaël,easy,
9741C757,Rain Drops,Day Dream,psychedelic,
9741C757,Lobuki,Stratil,psychedelic,
9741C757,Touch of Silk,Audiostorm,electronic,
9741C757,Waviness,CTS,pop,
9741C757,U Remind Me,NEØN,dance,
9741C757,Rebirth,Akshan,electronic,
9741C757,Human,Whitelie,electronic,
9A9E39A0,Reflex,Dubsons,dance,
9A9E39A0,Muffled Strangers,Moodcut,electronic,
9A9E39A0,Persist,Kaltes & Nene H. Kaltes Nene H.,house,
9A9E39A0,Variations On the Dudley Do-Right Theme,Dub Taylor,alternative,
9A9E39A0,Black Keys Moogs and Phattys,Isherwood,dance,
9A9E39A0,U,DJ Seinfeld,electronic,
9A9E39A0,Pass Me Tha 707,Stephane 1993,electronic,
9A9E39A0,Tool In The Space,Dubsons,electronic,
9A9E39A0,Across the Sky,Urulu,electronic,
9A9E39A0,Roar,iO (Mulen),dance,
9A9E39A0,How U Make Me Feel,DJ Seinfeld,electronic,
9B5F5CDA,Free Live in the Sky,Cenin,dance,
9B5F5CDA,Era,Ambi,dance,
9B5F5CDA,Smoke Signals,Jeremie Whistler,pop,
9B5F5CDA,Say You Say Me,Le Valedon,jazz,
9B5F5CDA,Dark Cloud Blues,Michael Brondstetter,rock,
9B5F5CDA,Good Enough,Akola,dance,
9B5F5CDA,Sticks and Stones,What They Died For,rock,
9B5F5CDA,Beautiful Disaster (Intro),La'Gotti King,hip,
9B5F5CDA,Fangio,Darcy,rock,
9B5F5CDA,Walk to the Sea,Broyeur,electronic,
9B5F5CDA,The Month of January,Iona Lane,folk,
9B5F5CDA,Suicide,Aube L,soundtrack,
9B5F5CDA,Dripping Placidity,Entspannungsmusik,ambient,
9B5F5CDA,Space,Böser Wolf,german,
9B5F5CDA,Baiatul Meu Frumos,Irina Rimes,pop,
9B5F5CDA,Roses,Divine Our Destiny,pop,
9B5F5CDA,Never Change,Kristina,urban,
9B5F5CDA,Anarchy In The UK,Gochita,dance,
9B5F5CDA,The Remainer,Face the Day,rock,
9B5F5CDA,Sekai Wo Narashite,ChroniCloop,rock,
9B5F5CDA,Girls Wanna,Nappi & Zorzi,tech,
9BCBEEB,Wheels Up,Lynx,electronic,
9BCBEEB,Big Girls Cry,Mimoza,electronic,
9BCBEEB,Stop By,Tayrell,electronic,
9BCBEEB,Cold Facts,OTR,dance,
9BCBEEB,Not the Drugs Talking,Kele Okereke,electronic,
9BCBEEB,Don't Mind,R.A,electronic,
9BCBEEB,Don't Hold Me Down,LöKii,electronic,
9BCBEEB,Ostinato,Forma,electronic,
9BCBEEB,Endocrine,Katuchat,dance,
9BCBEEB,Wizard of Love,Blond:ish,dance,
9BCBEEB,Falling,Valentine,electronic,
9BCBEEB,Gunfire,Owlle,alternative,
9C8D5B02,Es war ein Edelweiß,Musikkorps der 1. Gebirgsdivision Garmisch-Partenkirchen,folk,
9C8D5B02,Herzog Von Braunschweig,Musikkorps Grenzschutzkommando Nord,folk,
9C8D5B02,Es war ein Edelweiß,Ein Soldatenchor des Lehr-Bataillons der Heeresoffizierschule II: Das Musikkorps 6 der Bundeswehr Hamburg (Leitung: Major Gerhard Scholz),folk,
9C8D5B02,Antje mein blondes Kind,Musikkorps und Soldatenchor des Panzerregiments 3,folk,
9C8D5B02,Drei Lilien - Version 4,Elbert Hasselmann,folk,
9C8D5B02,Preussens Gloria,Luftwaffen-Musikkorps,pop,
9C8D5B02,Preussens Gloria,Vienna Military Brass Band,miscellaneous,
9C8D5B02,Mädel gib mir Deine Hand,Musikkorps der Luftwaffe II,marschmusik,
9C8D5B02,Njet Molotoff,Elbert Hasselmann,folk,
9C8D5B02,Lustig Ist Die Jägerei,Musikkorps 6 Der Bundeswehr Mit Chor,folk,
9C8D5B02,Deutschlandlied,Die Bückeburger Jäger,folk,
9E93430B,Stan Lee Parkour Master,The Uncommon Collective,hip,
9E93430B,Break Dance,Louie Stick,dance,
9E93430B,Power Moves,Big L,hip,
9E93430B,Suicide Mission,Driving The Salt,international,
9E93430B,Urban Freerun,Weedsnatcha,dance,
9E93430B,The Chosen,In Virgo,rock,
9E93430B,Break Dance,Jhansila,dance,
9E93430B,As Our Bones Break to the Dance,Downfall of Gaia,metal,
9E93430B,Break Dance,Ruff Bunny,techno,
9E93430B,Freerun,Challenging Seas,dance,
9E93430B,Powermove,Meechimerdoc,hip,
9E93430B,Freerun,Tom Taylor,jazz,
9E93430B,Break Dance,Suchmeh,hip,
9E93430B,Parkour,Zorama,dance,
9E93430B,Parkour,Vincent Cazaubon,indie,
9E93430B,Break Dance,Lord Kitchener,world,
A010EB7E,Trumpet Sonata in D Major Z. 850: II. Largo,Antonio Janigro,classical,
A010EB7E,"Purcell: Dido and Aeneas / Act 3 - ""See the flags"" - Destruction's our delight - The Wit- ches' Dance",Teresa Shaw,classical,
A010EB7E,Rashly I Swore I Would Disown,Maarten Koningsberger & Fred Jacobs,classical,
A010EB7E,Chacony in G Minor,Guildhall String Ensemble,pop,
A010EB7E,Abdelazer Z. 570: I. Overture Pt. 1,Linard Bardill,classical,
A010EB7E,Rigadoon in C Major Z. 653,Ursula Enck,classical,
A010EB7E,A Choice Collection of Lessons for the Harpsichord or Spinnet Suite in C Major Z. 666: Corant,Isabelle Nef,classical,
A010EB7E,WE THE SPIRITS OF AIR,Moscow Ancient Music Ensemble,world,
A010EB7E,Anthem Z. 36: O God Thou Hast Cast Us Out,La Tempête,classical,
A010EB7E,Trio Sonata in D Minor Z. 805: II. Canzona,Генри Пёрселл,classical,
A010EB7E,Abdelazer Suite für Streichorchester: II. Rondo,Slovak Philharmonic Chamber Orchestra291: Bohdan Warchal,classical,
A010EB7E,Music for the Funeral of Queen Mary Z. 860: II. Man that is born of a woman (Anthem),Thomas Hengelbrock,classical,
A010EB7E,Dido and Aenas: Act Ii Scene 2 the Grove - Thanks to These Lonesome Vales,Hanny Steffek,classical,
A2892CBD,Another Good Time,Hell Or Highwater,rock,
A2892CBD,All Emotions at the Same Time,Red Eleven,alternative,
A2892CBD,Structures for Creation,Circle of Contempt,metal,
A2892CBD,Atone,For the Fall,rock,
A2892CBD,Esta Locura,Skizoo,pop,
A2892CBD,Follow Me,Stone Broken,rock,
A2892CBD,When,Craving Theo,rock,
A2892CBD,I Stand,Destrophy,rock,
A2892CBD,Spiteful Eyes,Rise Among Rivals,rock,
A2892CBD,Lucky Me,Pandemic,rock,
A2892CBD,Monday,Burn Season,rock,
A2892CBD,Turbulence,Catherine,rock,
A2892CBD,Underneath The Shadows,Illbreak,rock,
A2892CBD,What a Feeling,Citizen Zero,rock,
A2892CBD,Instead Laugh,Onesidezero,rock,
A2892CBD,Burden,Höneybear,rock,
A411B765,Layer Cake,Electron,dance,
A411B765,New Moon,Alybabar,dance,
A411B765,Rising Sun,Lxs,dance,
A411B765,Hang,Roblars,dance,
A411B765,Subway,Deep Voice,techno,
A411B765,Pesadelo CF,Junior Vieira,minimal,
A411B765,Space,Julian Jeweil,dance,
A411B765,The Enemy,Matador,dance,
A411B765,C99,Kuzko,minimal,
A411B765,Omron,Dortmund,dance,
A411B765,Dust REMIX,DJ Fozzie Bear,techno,
A411B765,Summer Breeze,Tech-O,dance,
AA950A3A,Here Comes the Rain Again,Eric Morin,easy,
AA950A3A,Taas päivän pilvisen eessäni nään - Here Comes That Rainy Day Feeling Again,Erkki Liikanen,pop,
AA950A3A,Dragon's Story,Estas Tonne,world,
AA950A3A,Here Comes The Rain Again,Fred Johanson,pop,
AA950A3A,Here Comes That Rainy Day Feeling Again,Albert 2 Stone,miscellaneous,
AA950A3A,Here Comes the Rain Again,Michael Shaun Brown,country,
AA950A3A,Here Comes the Rain Again,Ida Sand,jazz,
AA950A3A,The Doldrums,Josh Pyke,singer,
AA950A3A,Missing / Here Comes the Rain Again,Beat Kaestli,jazz,
AA950A3A,Here Comes The Rain,The Mavericks,country,
AA950A3A,Here Comes the Rain Again,The Drama Club,hard'n'heavy,
AA950A3A,Here Comes The Rain Again,Birdie,pop,
AA950A3A,Here Comes the Rain Again (feat. Imani Uzuri),Sly & Robbie,electronic,
AA950A3A,Here Comes That Rainy Day Feeling Again (Re-Recorded),The Fortunes,pop,
AA950A3A,Here Comes the Rain Again,The Damnits,rock,
AA950A3A,Here Comes the Rain Again,Sara Sucks,rock,
AA950A3A,Here Comes the Rain Again / Magn3tica,Sean Scotto,electronic,
AB4CD2AD,Miss Metilen,Claudio Petroni,dance,
AB4CD2AD,The Color Out of Space,From Beyond,rock,
AB4CD2AD,Out of Space Love,Baby Bash & Billy Dha Kidd,hip,
AB4CD2AD,Get out of My Parking Space Bitch,Joseph Visaggi,rock,
AB4CD2AD,Be Free,BoomBlaster,dance,
AB4CD2AD,Spaced Out,Cloud One,electronic,
AB4CD2AD,Spaced Out,Soulo,hip,
AB4CD2AD,Jam Signal,Roman Gertz,dance,
AB4CD2AD,Guitars in Space,Billy Mure,soundtrack,
AB4CD2AD,Respira Mas Profundamente,Dj Kasa Remixoff,club,
AB4CD2AD,Out Of Space,Buster Shuffle,alternative,
AB4CD2AD,Out of Space (feat. Chop & Khamoflage),DJ Burn,hip,
AB4CD2AD,Out Of Hand,Sushi,rock,
AB4CD2AD,Faster Efx,GLITTER,dance,
AB4CD2AD,Out Of Space,Toshimitsu Kumaki,dance,
B1EFC05A,By My Side,Kat Wright,rnb,
B1EFC05A,Messing Me Up,The Melodies,urban,
B1EFC05A,Where Did He Go,Mia Z,urban,
B1EFC05A,Gotta Have It,Alex Vaughn,rnb,
B1EFC05A,Dance Tonight,Devin Shelton,rnb,
B1EFC05A,Who Can Handle Me Is You,Little Milton,soul,
B1EFC05A,Karma,NYA,rnb,
B1EFC05A,Lost,MADDEE,pop,
B1EFC05A,Verona,Lostboycrow,pop,
B1EFC05A,The Dance Floor,St. Christopher,urban,
B1EFC05A,Window Shopping,Jackson 5,soul,
B1EFC05A,Woman,Alex Hepburn,soul,
B1EFC05A,Hello,Tim Akers & The Smoking Section,rnb,
B1EFC05A,She,Ira May,soul,
B1EFC05A,Dviese,Saulės Kliošas,rnb,
B1EFC05A,Living in the Magic,Elijah Noll,rnb,
B1EFC05A,Puttin` on the ritz,France,jazz,
B1EFC05A,Love (Won't You Try),Avery*Sunshine,rnb,
B3AEE0E,I Can Change,The Mainland,rock,
B3AEE0E,I Can Change,The Vintage Band,spiritual,
B3AEE0E,I Can Change,K Lynn,hiphop,
B3AEE0E,I Can Change,Mitchell,hip,
B3AEE0E,Where Can I Change My Clothes,Bukka White,blues,
B3AEE0E,I Can Change,Will Muse,pop,
B3AEE0E,I Can Change,Jason Parten,spiritual,
B3AEE0E,Can I Change,Alton Ellis,reggae,
B3AEE0E,I Can Change You,Jamie Thompson,rock,
B3AEE0E,I Can Change,Teflon Vest,hip,
B3AEE0E,I Can Change All That,Cold Creek County,country,
B3AEE0E,I Can Change,The Windy City Strugglers,country,
B3AEE0E,I Can Change,Robert G,rock,
B3AEE0E,I Can Change,Falaska Contest,dance,
B3AEE0E,I Can Change the World,Glenda Allen,religious,
B4F915D1,Ballerina Footprints,Florent Campana,dance,
B4F915D1,Take It Off,All Good Funk Alliance,downtempo,
B4F915D1,Simha,Small Night Orchestra,downtempo,
B4F915D1,Sound Waves,A June & J Beat,hip,
B4F915D1,Live Forever,Mark Oakland,dance,
B4F915D1,Guetto,Sam Mangwana,holiday,
B4F915D1,Etre Soi,Florent Campana,dance,
B4F915D1,ArtOfficial Strawberries,Ljones,hip,
B4F915D1,Amarantheme,Man In A Room,dance,
B4F915D1,On and On,Frankie Numi,dance,
B4F915D1,Blue Montains,Zamali,funk,
B4F915D1,Restart,Atfunk,nu,
B4F915D1,Pretty Looks,Cornell Campbell,reggae,
B5496034,Don't You Lie To Me,Brian Andrew Lee,rock,
B5496034,Quién Será de los Dos,Jorge Galemire,latin,
B5496034,Stay Out,Funk Kartell,rnb,
B5496034,Place For Me,Carl Verheyen Band,jam,
B5496034,Де ти є?,Дістіона,ukrrock,
B5496034,For You,Brian Owens,rnb,
B5496034,I Would Love You,The Outsiders,pop,
B5496034,Titine,Orage,world,
B5496034,Once,David Michael Miller,blues,
B5496034,New West (feat. Brent Dacus Glenn Milam Mike Kelley & Gigi Cervantes),Chris Allen Curtis,country,
B5496034,O.M.W.,Damien Crawford,urban,
B5496034,Лайфстайл рнбишника,koder.,urban,
B5496034,Café des Arts,Daniel Andersson,easy,
B5496034,Bad Cat,The Big Motif,blues,
B5496034,Shut Up (And Let Me Love You),Salas,rock,
B5496034,Equinox,Ronnie Earl,blues,
B5496034,Throw Down the Wall,Italian Soul Delegation,rnb,
B5496034,Nice and Slow,Joel DaSilva and the Midnight Howl,blues,
B5496034,Every Negative,Big Fat Snake,rock,
B5496034,Love Insurance Plan,Jimmy Nick & Don't Tell Mama,blues,
B5496034,The bandit manchot,Freddie Meyer,miscellaneous,
B5496034,Outlaw,Janet Robin,rock,
B5496034,Vagabundo,Brick Oficial,blues,
B5496034,Ghost Town,Craig Erickson,blues,
B5496034,Jealous Man,The Marcus King Band,rock,
B5496034,Mido Yiduma,Adama Yalomba,africa,
B5496034,Schweine,Donnerwetter,pop,
B5496034,Malibu Drive,Jay Kim,jazz,
B5496034,Hell or Heaven,The Jimmys,blues,
B5496034,Somethin' in the Water,Chris Nole,blues,
B5496034,Move Around,Joe Poovey,rock,
B5496034,The Promise Now,Celtic Conundrum,folk,
B5496034,Schiist mi a,Heinz,rock,
B5496034,Think of You,Go C Cal,reggae,
B851E1A5,Sun I'd Seen,Sixfoxwhiskey,rock,
B851E1A5,Ogni giorno ogni notte,Sam Delacroix,pop,
B851E1A5,Hiding,Crystal King,pop,
B851E1A5,Mermaid Summer,John Meisel,pop,
B851E1A5,Mi Barquita,Caraoscura,pop,
B851E1A5,Realidad,4dostres,urban,
B851E1A5,No me Doy por Vencido,Adrian,pop,
B851E1A5,Energie,Bum Bum Band,pop,
B851E1A5,One of a Kind,Dune Aimee,pop,
B851E1A5,Don't Let Go,Bradley Miller,pop,
B851E1A5,Invisible,Jerome Miniere,pop,
B851E1A5,Relaxing Night,Magda Shortankard,funk,
B851E1A5,L'alieno,Lore,pop,
B851E1A5,Senza te,Giusy Gramaglia,pop,
B851E1A5,Girl Brings the Party,Sledge Sharp,rock,
B851E1A5,Forces of Nature,Coco Jafro,urban,
B851E1A5,Majestade,fhop music,inspirational,
B851E1A5,Aspen,Fransia,pop,
B851E1A5,Voyager,Recess,electronic,
B851E1A5,Besoin d'air,Kinkead,pop,
B851E1A5,Recommencer,Anne-Léa Gaty,pop,
B851E1A5,Crown,Post Precious,pop,
B851E1A5,Where's the Party At,Tony Adams,urban,
B851E1A5,Le beefteak,Forever Pavot,french,
B851E1A5,I Lo-Fi You,Niles Philips,funk,
B851E1A5,Side B,Save the Mosquito,funk,
B851E1A5,Holy Bob,Rakoon,dance,
B851E1A5,Vive le swing,In-Grid,electronic,
B851E1A5,Lose Myself,Sarah Michelle,pop,
B851E1A5,Rumba Azul,Armando Orefiche,pop,
B851E1A5,Banksy,Galoni,pop,
B851E1A5,Bicicleta,Mel Miska,pop,
B950E597,Idilio,Chocolatiando,pop,
B950E597,Di Que no Me Quieres Ya (Shake),Orquesta Aragón,world,
B950E597,Me Voy a Imaginar,Tito Allen,latin,
B950E597,A un Viejo Amigo,Mike & Kenny,latin,
B950E597,Mañana Me Voy,El Nene con Las Estrellas de Areito,jazz,
B950E597,Rogelio,Matanza,latin,
B950E597,Coffee Bar Calypso,Maxine Daniels,rnb,
B950E597,No Me Toques Ese Punto,Lou Perez Y Su Orquesta,latin,
B950E597,Mama,Emilio El Moro,latin,
B950E597,Charanga Con Panchanga,Orquesta Siglo XX,latin,
B950E597,Fue Puro Cuento,Los Gavilanes,latin,
B950E597,La Chancla,La Unica e Internacional Sonora Maracaibo,easy,
B950E597,Te Quiero Asi,Tito Gómez,salsa,
BECFFF40,Take It or Leave It,Petra Sihombing,pop,
BECFFF40,Despacio,Yandel,latin,
BECFFF40,Arrastate,Funtime Productions,latin,
BECFFF40,Algun Problema,Welo Fama,latin,
BECFFF40,El Pedacito Que Me Toca,Luna Negra,salsa,
BECFFF40,Compositor Confundido,El Nene,salsa,
BECFFF40,Yo Soy Puertorriqueño,Olga Tanon,latin,
BECFFF40,Su Preferido,J Angel,latin,
BECFFF40,Caminando,Rubén Blades,tropical,
BECFFF40,Hasta Que No Puedas Mas,The Martinees,latin,
BECFFF40,You Sexy Thing,Hot Chocalate,electronic,
BECFFF40,No Te Creas,David Calzado y Su Charanga Habanera,salsa,
BECFFF40,Esa Galla,Jamby el Favo,latin,
C13CBCF4,Wake of the Pharaohs Wind,Gale Revilla,new,
C13CBCF4,Alleluia,Steve Hall,pop,
C13CBCF4,Besame Mucho,Dick Kesner & His Magic Stradivarius,latin,
C13CBCF4,Shattered Hope,Lawrence Shragge,soundtrack,
C13CBCF4,Heinwehmelodie,John Quadflieg,pop,
C13CBCF4,Herzilein,Rondo Classico,classical,
C13CBCF4,Make Love,Maurice Pop,pop,
C13CBCF4,Feeling,Kentarou Haneda,pop,
C13CBCF4,Humanity (Solo Ukulele),Zahra,avantgarde,
C13CBCF4,La fisarmonica,Peppino Principe,pop,
C13CBCF4,Puppetino,Vladimir Kos,classical,
C13CBCF4,Busy Bunny,David Ordini,pop,
C13CBCF4,Nadja,Jukka Hovi,pop,
C22A0701,Habibi For Your Love,Liz Mugler,dance,
C22A0701,Habibi w noor Eineh,Ehab Tawfic,world,
C22A0701,Habibi,Leonardo Vera,pop,
C22A0701,Habibi Remix,Douzi,world,
C22A0701,Bahar Gibi,Ertuğ Ergin,world,
C22A0701,La habibi,Wael Kafoury,world,
C22A0701,Mr. Loverman,Mohombi,dance,
C22A0701,Choucraan Habibi,OPP Sheeryne,world,
C22A0701,La Habibi,Wael Kafouri,world,
C22A0701,Habibi Ya Eini,Nourhanne,dance,
C22A0701,Khodet Begoo,Amin Habibi,pop,
C22A0701,"Arabic Nights ""El Habibi""",EthnoDance,world,
C22A0701,Habibi,Malente,electronic,
C5D98E0,Foolish Sound,St. Project,dance,
C5D98E0,Moving Through Dub,Echo Wanderer,dubstep,
C5D98E0,Keepthat,Kixnare,hip,
C5D98E0,Vuelta,Rarotango,easy,
C5D98E0,When There Was Peace,Zikurat,ambient,
C5D98E0,Odd Fish,KRTS,electronic,
C5D98E0,This Is Where It All Ends,Es.tereo,electronic,
C5D98E0,Element,Cedrik Zimmermann,electronic,
C5D98E0,A Curse,Heretic,house,
C5D98E0,Organ Nights pt. 2,Scott Grooves,electronic,
C5D98E0,Loseiswet,Metalob,dance,
C5D98E0,Extraterrestre,Nuage,pop,
C5D98E0,Retract (feat. Hands Like Crime),Kid Drama,drum,
C5D98E0,One,Dan Habarnam,electronic,
C5D98E0,Water Capsule,Briarcliff,dance,
C5D98E0,Mind,House Music,electronic,
C5D98E0,Everybody,Aisher,electronic,
C5D98E0,Sonido Verano,D-Tention & Axel Doorman,dance,
C5D98E0,One Track Mind,Severity Zero,electronic,
C5D98E0,Bluebird,One Self,electronic,
C702FEEA,Stuff In The Trunk,The Martinez Brothers,dance,
C702FEEA,All the Lights,Emanuel Satie,electronic,
C702FEEA,Transformation,Atesh K.,electronic,
C702FEEA,Turn It On,Dennis Cruz,dance,
C702FEEA,Daybreak,Daso Franke,electronic,
C702FEEA,Zeit,Pan-Pot,techno,
C702FEEA,Multiplayer,Oscar L,dance,
C702FEEA,Tunnel,Laydee V,dance,
C702FEEA,Flow,Sam Paganini,dance,
C702FEEA,Xylopeggiator,Cari Lekebusch,dance,
C702FEEA,Total Blackout,E La Luna,electronic,
C702FEEA,The Magic ( maceo Plex & Shall Ocin Dub),Joy Wellboy,electronic,
C7BE9443,A Hard Day's Night,The Grassmasters,bluegrass,
C7BE9443,Theme from Rachmaninoff's Second Piano Concert,Ray Conniff And His Orchestra & Chorus,classical,
C7BE9443,And I Love Her,The Reggae Specials,reggae,
C7BE9443,Yesterday,Acoustic Duo,pop,
C7BE9443,You've Got to Hide Your Love Away,U.K's Session Musicians,pop,
C7BE9443,Same Page on Demand,Jimmy Thackery & The Drivers,blues,
C7BE9443,Gregorian Spirits/Eleanor Rigby Intro,The Chant Masters,classical,
C7BE9443,Any Colour You Like  (as made famous by Pink Floyd),Guitar Instrumentals,rock,
C7BE9443,I Don't Wanna Lose You,The Sax Lounge Band,easy,
C7BE9443,Kashmir,Ottmar Liebert & Luna Negra,relax,
C7BE9443,Here Comes the Sun,Roman Simonescou,pop,
C7BE9443,Roses De Picardie Boogie,Jean-Pierre Bertrand,blues,
C7BE9443,Killing Me Softly (With His Song),Alain Morisod,pop,
C7BE9443,Wonderful Life,Pianista sull'Oceano,pop,
C7BE9443,Femmes Nathalie Et Christine,Tino Cocco,jazz,
C7BE9443,On The Beach,Smooth Jazz Healers,jazz,
C7BE9443,Satisfaction,Billy McIntyre & His All Star Ceilidh Band,world,
C7BE9443,Can't Buy Me Love,The Lounge Gourmets,rock,
C7BE9443,Girl,The Fab Five Band,pop,
C7BE9443,Can't Buy Me Love,George Martin And His Orchestra,world,
C7BE9443,My Heart Will Go On,Piano Bar Orchestra,easy,
C7BE9443,She's A Woman,Joe Goldmark,country,
C7CCD6B1,The Christmas Tree,David Rose & His Orchestra,holiday,
C7CCD6B1,White Christmas/Let It Snow Let It Snow Let It Snow/Winter Wonderland,Rob McConnell And The Boss Brass,holiday,
C7CCD6B1,Last Christmas,State Of The Heart,pop,
C7CCD6B1,My Favorite Things,The Stephen Kummer Trio,pop,
C7CCD6B1,White Christmas,The Chris McDonald Orchestra,pop,
C7CCD6B1,Frosty The Snowman,Roy Hargrove,holiday,
C7CCD6B1,Blue Christmas,Gary Hoey,rock,
C7CCD6B1,Jingo Jango,Bert Kaempfert And His Orchestra,miscellaneous,
C7CCD6B1,Deck the Halls,Народное,classical,
C7CCD6B1,Have Yourself a Merry Little Christmas,The United States Airmen of Note,holiday,
C9A547B5,Take It,VMP,dubstep,
C9A547B5,Destroyer of Worlds,Frobo,dance,
C9A547B5,Elusive,Ryex,dubstep,
C9A547B5,Beyond the Heliosphere,Boot,dance,
C9A547B5,Life,Bare,dance,
C9A547B5,Voices,Pushloop,dubstep,
C9A547B5,Am I,Carango,dance,
C9A547B5,After Dark,Jinks,electronic,
C9A547B5,Slender,Mr. StraightFace,dance,
C9A547B5,Pass Me By,Trolley Snatcha,dubstep,
C9A547B5,Nova,Marcus Ehrenholm,electronic,
CE89F112,Take You Down,Rick Arnette,blues,
CE89F112,Fannie Mae,Fernant Zeste,blues,
CE89F112,Drop Down Mama,SunJay,blues,
CE89F112,My Dearest Friend,Guy Bélanger,blues,
CE89F112,Move Your Feet,EJ Mathews,blues,
CE89F112,Victory in Jesus,Tim Jones,blues,
CE89F112,Beware the Heart Thief,Boom Boom Brady,blues,
CE89F112,The Stand,Levi Stocke,blues,
CE89F112,Run Run Away,Birger Baekmark,blues,
CE89F112,Intromental,Edi Fenzl Band,blues,
CE89F112,Sweet Fish Fry,Crosseyed Cat,blues,
CE89F112,Everyday's a Saturday,Noel Bullard,blues,
CE89F112,Trouble of the World,The Blind Catfish,blues,
CE89F112,Mothers Fury!,The Ruben Reeves Band,blues,
CE89F112,Howlin' for My Darlin',The Gordon Meier Blues Experience,blues,
CE89F112,Sometimes I Wonder,Studebaker John,blues,
CE89F112,Take Me Back,Levi Platero,blues,
CE89F112,Soul Boogie,Don Washington,blues,
CE89F112,Katrina Hurricajun Blues,Mark Van Holmes,blues,
CE89F112,Shadowlands,JFK Blue,blues,
CE89F112,Sadie Got Motion,Chili Cold Blood,blues,
CE89F112,Getting Better All the Time,Ross Seddon,blues,
CE89F112,Looking After Myself,Nick Tann,blues,
CF5FA098,Hide & Seek,Standing Egg,folk,
CF5FA098,Over You,Chris Lash,easy,
CF5FA098,Feel Better,Greenshape,folk,
CF5FA098,The Leftovers,Charlee Remitz,pop,
CF5FA098,Ms. Molly,Cabinet,country,
CF5FA098,Carry Me,Will Weston,rock,
CF5FA098,No Other Way (feat. Zale),Sammy Rosenbaum,rock,
CF5FA098,Tutup Mata,Vadi Akbar,jazz,
CF5FA098,Wanderin' Eyes,Micah Bournes,blues,
CF5FA098,Sweetness,Denny White,pop,
CF5FA098,Chicago New York,The Aislers Set,alternative,
CF5FA098,Gabriel,HIGHS,alternative,
D1BAE05F,Be My Lover,Dance Makers,dance,
D1BAE05F,Another Night (Reloaded),Platinum Deejayz,electronic,
D1BAE05F,Cotton Eye Joe,Fun-Tastic-3,dance,
D1BAE05F,Real,Head Horny's,electronic,
D1BAE05F,Ill House,Amoroso & Veroni,electronic,
D1BAE05F,Originale Radicale Musicale,Molella,electronic,
D1BAE05F,Sexy People '2K13,Rafael Lelis,dance,
D1BAE05F,Garascoza,Jumping Stylers,dance,
D1BAE05F,Ein Grab für die Liebe,Arise-X,electronic,
D1BAE05F,Diamonds,Alicia Madison,dance,
D1BAE05F,Like a Ripoff,Ed Young,dance,
D1BAE05F,No Title,NoName,dance,
D1BAE05F,Pinocchio,DJ Lhasa,dance,
D1BAE05F,You And Me,DJ Roberto K,electronic,
D1BAE05F,Living the Life,Nightclubbers,dance,
D1BAE05F,Mas Musica,Carolina Marquez,dance,
D1BAE05F,That's the Life,Fantasy Project,electronic,
D1BAE05F,Ciao Bella,Indietro,electronic,
D1BAE05F,Bumping Festival 06,Ivan Jazz Tss Proyect Dj Piju DJ Pok Dj Dbc Head Hornys,electronic,
D1BAE05F,Could I,Track Boy,dance,
D1BAE05F,Tanzen Muzik,4 Joke,dance,
D2CE494E,Who a the Savage,Tinga Stewart,reggae,
D2CE494E,Sweet Dreams,The Bass Invaders,world,
D2CE494E,Away To You.,MOKA ONLY,hip,
D2CE494E,Six White Horses,Tommy Cash,country,
D2CE494E,Les hommes qui passent,Nero,pop,
D2CE494E,Rave City (Feat. MC Rage),Noize Suppressor,electronic,
D2CE494E,Dark Side Down,MEYTAL,rock,
D2CE494E,Para Los Orichas,Marcelo,latin,
D2CE494E,Маленький мальчик,Малолетка,ruspop,
D2CE494E,Ctrl-Alt-Delete,Staisha,rnb,
D2CE494E,Why Why,Carl Smith,country,
D540AF61,Rock It,Hazzaro,electronic,
D540AF61,Take It,Semedo,dance,
D540AF61,Chopped & Screwed,Fulgeance,dance,
D540AF61,Rizzle Beats,Phlegmatic Dogs,dance,
D540AF61,Monkey Chop,Global Byte,dance,
D540AF61,This Rock,Luthier,house,
D540AF61,Robin Quivers,Mike Macharyas,children,
D540AF61,Guides,Eligh & Amp Live,rap,
D540AF61,You No Think,Robert Tamascelli,dance,
D540AF61,When Love,St. Mic,hip,
D540AF61,A Part of Me (Something Better),Bastian Van Shield,dance,
D5F7E06D,Tourdion,Erin Green,traditional,
D5F7E06D,Tourdion,Woven Chords,world,
D5F7E06D,Tourdion,Melissa Kacalanos,world,
D5F7E06D,Tourdion,SoundGospelTrain,children,
D5F7E06D,Tourdion,Fatzwerk,world,
D5F7E06D,Tourdion,Greensleeves,classical,
D5F7E06D,Tourdion,Saturnalia Trio,folk,
D5F7E06D,The Marseillaise,Ludovic Beier,jazz,
D5F7E06D,La Marseillaise,Virginie Gattino,classical,
D5F7E06D,Tourdion,Potir,ethnic,
D5F7E06D,Tourdion,Roberto Anselmi,classical,
D5F7E06D,Tourdion,Canardus Horribilis,classical,
D6A03F1E,Lost,Koffre DJ,dance,
D6A03F1E,El Diablo,Diplont,dance,
D6A03F1E,Bottle,Baboop,dance,
D6A03F1E,I Just Can't Stop,Soulvation,dance,
D6A03F1E,Piroplastic,Diego González,dance,
D6A03F1E,Runaway,Featbeat,dance,
D6A03F1E,This is The Night,Thundercloud,dance,
D6A03F1E,Jupiter,Groovemagnet,techno,
D6A03F1E,Trancesolution Pt. I,Trance Solution,electronic,
D6A03F1E,Sharing Confidence,Phenomen,tech,
D6A03F1E,Digital Musicland,The Baccardy Band,electronic,
D6A03F1E,Drop the Beat,Oshmusik,dance,
D6A03F1E,She Bangs She Booms,Lusty Star,electronic,
D6A03F1E,To Kya Ho,Villa,world,
D6A03F1E,Tilima,G-Night,electronic,
D6A03F1E,Red X Energy,D-Alpha Eq,dance,
D6A03F1E,Take Off,DJ Kizzy Rock,dance,
D6A03F1E,Maria,Li Ji Zhang,pop,
D6A03F1E,House Music,King Robert,dance,
D6A03F1E,Rode Schoentjes,Booming Support,dance,
D6A03F1E,Rapido,Cybhotek,dance,
D6A03F1E,So Juicy,Roy RosenfelD,dance,
D6A03F1E,909 Drop,Detroit 95 Project,dance,
D6A03F1E,Just Like A Gun,Dynamic Key,electronic,
D6A03F1E,Living On a Prayer,Yaw,dance,
D6A03F1E,Betiti,Floyd Lavine,dance,
D6A03F1E,Oceania,Liquid Rainbow,electronic,
D6A03F1E,Ego Ego,Teraxo,electronic,
D6A03F1E,Original Aboriginal,Virtual Circuit,dance,
D6A03F1E,I Have A Drink,Fonzie Ciaco DJ Memory Dj Alfonso Dj Ciavoli,dance,
E2EA9731,El Mudo,Rico Lopez,latin,
E2EA9731,El Mudo,Al Hurricane,latin,
E2EA9731,El Mudo,DCO,latin,
E2EA9731,El Mudo,La Int. Sonora Santanera,latin,
E2EA9731,El Mudo,Tony Ramirez,latin,
E2EA9731,Crucificado [1928] (The Crucified One),Dr. Elmundo De Bettancourt,world,
E2EA9731,El Mudo,Big Deivis,dance,
E2EA9731,El Mudo,Fly District,techno,
E2EA9731,El Mudo,banda estrella,latin,
E2EA9731,El Mudo,NMR Digital,latin,
E4F8C670,Broken Wings,Mr. Mister,pop,
E4F8C670,Upheaval,Oathbreaker,metal,
E4F8C670,Parool,Wiegedood,metal,
E4F8C670,I Don’t Give A Mother Fuck,Deez Nuts,hardcore,
E4F8C670,Banquet,Various Artists - Bloc Party Tribute,rock,
E4F8C670,Running On Sunshine,Jesus Jackson,pop,
E4F8C670,Homebound,The Cold Harbour,alternative,
E4F8C670,Ladoga Master,Second To Sun,extrememetal,
E4F8C670,Eligos,Toluca,rock,
E4F8C670,Scarlet Skyline,More Than Life,rock,
E4F8C670,Two Year Plan,Such Gold,alternative,
E625E9A2,Take Me Back,Kaum,dance,
E625E9A2,Show Me,Kinky Movement,house,
E625E9A2,One & One,Loverush UK & Maria Nayler,house,
E625E9A2,What You Want,Styline,dance,
E625E9A2,Mech,Mittsies,electronic,
E625E9A2,Sa Trinxa,Orson Welsh,house,
E625E9A2,Like It More and More,Deep Lark,dance,
E625E9A2,Le Grand Labyrinthe,Sezer Uysal,electronic,
E625E9A2,Tribe7even,Nasty J,dance,
E625E9A2,I'll Be There,Jazzyfunk,dance,
E625E9A2,This Moment,Wild Culture,deep,
E625E9A2,Morning Way,Theodor Rakco,dance,
E625E9A2,Sorry,Galeja,dance,
E625E9A2,Holding On,Horak,dance,
E6AFECD8,Happiness,Mai Kotone,jpop,
E6AFECD8,Kumo no ito,passepied,pop,
E6AFECD8,Shoudou,Haku,pop,
E6AFECD8,Ta.La.La,Hanako Oku,jpop,
E6AFECD8,Secret Base Kimi Ga Kureta Mono,Takase Yoko,jpop,
E6AFECD8,Oath Sign,DJ Mocchi,world,
E6AFECD8,Killing My Caddy,Otani Masae a.k.a. Himawari,jpop,
E6AFECD8,Tears to Tiara,Susumu Mameda,jpop,
E6AFECD8,Catch,Remigai,world,
E6AFECD8,Futariha Barabara,Yui Suzuki,jpop,
E6C3B27B,Suffocation,Cursed Earth,metal,
E6C3B27B,The Wandering,Bermuda,metal,
E6C3B27B,The Introduction,Ark Of The Covenant,metal,
E6C3B27B,All Day Everyday Fantasies,Destruction of a King,metal,
E6C3B27B,S.O.S.,Dimensions,metal,
E6C3B27B,Red,Desolace,rock,
E6C3B27B,Cutters,Infinite Sleep,metal,
E6C3B27B,Diminish The Gods,Diminish The Gods,hard'n'heavy,
E6C3B27B,Revival,Burning Fair Verona,metal,
E6C3B27B,Lock and Load,13 Days,metal,
E6C3B27B,Aversion,Sessions,metal,
E72C0D1C,Magic Mushroom,Argonnight,electronic,
E72C0D1C,Magic Mushroom,Tomorrow People Ensemble,jazz,
E72C0D1C,Magic Mushroom,Nitrodrop,psychedelic,
E72C0D1C,Magic Mushroom,Limbo,psychedelic,
E72C0D1C,Magic Mushroom Night,Mr.Pilon,progressive,
E72C0D1C,Magic Mushrooms,Zsanchos,electronic,
E72C0D1C,Magic Mushroom,Paul V,dance,
E72C0D1C,Magic Mushrooms,Ekuneil,electronic,
E72C0D1C,Magic Mushroom,Andrew Neil,folk,
E72C0D1C,The Magic Mushroom Man,Allen Willner,rock,
E72C0D1C,Magic Mushrooms,Hyperflow,psychedelic,
E72C0D1C,Magic Mushrooms,Psyshark,psychedelic,
E72C0D1C,Magic Mushroom Remix,Auricular,dance,
E72C0D1C,Magic Mushroom,Centauri,dubstep,
E7646DE8,Trenchez,Migo Traffik,hip,
E7646DE8,Street Kings,YFN Lucci,rap,
E7646DE8,Wrong Lover (feat Rick Ross),J Holiday,pop,
E7646DE8,Slide (Calvin Harris & Frank Ocean & Migos),Sharleen Ka,electronic,
E7646DE8,Stackin' Up,Alley Boy,rap,
E7646DE8,Jugg King,Young Scooter,rap,
E7646DE8,Git Paid,DJ Dubble D,rap,
E7646DE8,Who What When (Feat. T.I.),Meek Mill,new,
E7646DE8,Fly Rich,Rich Gang,rap,
E7646DE8,No Days Off,Nla,rnb,
E7646DE8,Hold Me Down,Rick Ross,southern,
E8339398,Father's Pride,Johnny Father,electronic,
E8339398,Who's in the House,JRM,electronic,
E8339398,Future House,WilD Project,house,
E8339398,Bass House,Ali Imran & Aqeel Imran,hip,
E8339398,Minimized,SNK,progressive,
E8339398,The Dance Track,Dancecraft,dance,
E8339398,The Healing,Factorize,progressive,
E8339398,American Way,Traxx Dillaz,nu,
E8339398,Baby Baby U & Me,Deezle,electronic,
E8339398,Meaning of Life,Benjamin Fox,dance,
E8339398,Long Day,Crystal Waters,dance,
E8339398,Bassline,Evil Jokes,minimal,
E8339398,Harlem Ghetto Shake,Bueller,dance,
E8339398,Digital Love,Ninesh Babu,dance,
E8339398,Bay of Love,W.A.N.,dance,
E8339398,Entertainment,Mr. Goaty,dance,
E8339398,Pineapple for the Girl,Hanema,progressive,
E8339398,Squeeze,Solips,progressive,
E8339398,The House,Mastamind,hip,
E8339398,Logic Fitness,Bjorn Brooijmans,dance,
E8339398,Space Cowboys,Duca,progressive,
E8339398,Meteor,Brolife,dance,
E8339398,The Sound of Silent,Julian Kay,progressive,
E8339398,Fly Away,Dreadfall,dance,
E8339398,Samba Del Coco,Nico Sanchez,electronic,
E8339398,So Far So Good,Bruno Moy,dance,
E8339398,Dub War,Josh Hussaney,dance,
E8339398,Negative=Positive,Roc,dance,
E8339398,Where Are You Now,Culsu,electronic,
E8339398,Twist In My Sobriety,Sebastian Krieg,dance,
E8339398,Silence,Fortune,pop,
E8339398,Без тебя,Шамиль Мусаев,world,
E8339398,Who Knows,Ibiza House Crew,electronic,
E8339398,Let's Go Boom,The Jokers,electronic,
E8339398,Latest Attraction,Blair Sangeet Constance,pop,
E8339398,Electronik Vibe,DJ Arkustika,electronic,
E8339398,Let You Dreams Come True,Allsortsdigital Inc,pop,
E924D4AD,I Love The Night,Gravestone,rock,
E924D4AD,Geh meinen Weg,Lichtgestalt,rock,
E924D4AD,Evige Asatro,Glittertind,folkmetal,
E924D4AD,Träum Süß,Lichtscheu,alternative,
E924D4AD,Drang,Dornenreich,rock,
E924D4AD,She Will Spit on Your Grave,Skellington,metal,
E924D4AD,Part I: Sirens of Sinew and Sin,Echoterra,metal,
E924D4AD,La verità in cimento RV 739: Con cento e cento baci. Rosane aria,Gemma Bertagnolli,classical,
E924D4AD,Pastime,Geyers,alternative,
E924D4AD,The Warlords Last Ride,Bane of Winterstorm,metal,
E924D4AD,Liebe mich,Bettelprinz,rock,
EEB2FA4F,Voll Dankbarkeit,Gebetshaus Freiburg,christian,
EEB2FA4F,Engel 07,NDW 2000,german,
EEB2FA4F,Dynamite,Günther,dance,
EEB2FA4F,We're Gonna Rock,Gunter Lee Carr,rock,
EEB2FA4F,Elapsed,Gunter Muller,jazz,
EEB2FA4F,Ludella,Arthur Gunter,blues,
EEB2FA4F,Sternenhimmel,Tankwart,rock,
EEB2FA4F,Engel 07,Anne Regler,pop,
EEB2FA4F,In einem Regen,Fanny Krug,jazz,
EEB2FA4F,Nina,Gunter Bombe,schlager,
EEB2FA4F,Gunter (Click Track 157),Blake Paulson,rock,
EEB2FA4F,Sternenhimmel,Hubert Kah,dance,
EEB2FA4F,Skandal Im Sperrbezirk,The Starlight Orchestra,pop,
EEB2FA4F,Hunter Gunter,Chris Williams,avantgarde,
EEB2FA4F,Underdog,Eddy B & Tim Gunter,hip,
EEB2FA4F,Wir hatten Glück,Das Gezeichnete Ich,pop,
EEBBD9E7,Neva Eva,Trillville,rap,
EEBBD9E7,Transient,Mr.g,dance,
EEBBD9E7,If Only I Could,Fusion Groove Orchestra,dance,
EEBBD9E7,Hurt,Seth Troxler,techno,
EEBBD9E7,Voyager,DJ 3000,techno,
EEBBD9E7,Super Sharp Shooter,Ganja Kru,reggae,
EEBBD9E7,City Freak,Jobriath,rock,
EEBBD9E7,One Mint Julep,Poncho Sanchez,jazz,
EEBBD9E7,Lloraras,la Sensacion,world,
EEBBD9E7,Zona Del Silencio,Chaos in the CBD,dance,
EEBBD9E7,Canonul Paștelui Eh I: Cântarea I,Măicuțele de la Mănăstirea Sucevița,classical,
EEBBD9E7,I Love Salsa,N'Klabe,latin,
EEBBD9E7,The Hunter,Herbal Infusion,progressive,
EEBBD9E7,Soundboy Killing (Megawatt Terminator),Mega Banton,reggae,
EEBBD9E7,Ghetto Boy,Sebb Junior,dance,
EEBBD9E7,APT. 3A,N.Y. House'n Authority,dance,
EEBBD9E7,The Akathistos Hymn Chants: Fr. Leondias Contos,The Byzantine Choral,spiritual,
F060028F,Good Luck,Lenachka,western,
F060028F,Dust,CLMD,pop,
F060028F,Hyde,Astrid S,pop,
F060028F,Hold on to Me,Valerie Broussard,singer,
F060028F,Breathe,Emelie Hollow,pop,
F060028F,Whirlwind of Rubbish,Evangelist,rock,
F060028F,Större,Molly Sandén,pop,
F060028F,Christina,Aytaç Kart,electronic,
F060028F,As Long As You Are Mine,Michael J. Scott,easy,
F060028F,When Your Heart Is A Stranger,Friends In Paris,pop,
F060028F,Stuck With Me,Tamia,rnb,
F060028F,Chains,Rose Cousins,folk,
F060028F,War Paint,Chasing Jonah,rock,
F060028F,Dost Bile Kalamadık,Seren Serengil,world,
F060028F,Still Care,Serge Legran,dance,
F060028F,Catch Me If You Can,Sister Sparrow & The Dirty Birds,rock,
F060028F,Raluka - Surrendered My Love,Raluka,electronic,
F1EB302A,Gloria,Shadows of Knight,rock,
F1EB302A,Judy In Disguise,John Fred & His Playboy Band,rock,
F1EB302A,He's So Fine,The Chiffons,rock,
F1EB302A,Pushin' Too Hard,The Seeds,rock,
F1EB302A,(Love Is Like A) Heat Wave,Martha Reeves and The Vandellas,rnb,
F1EB302A,Number One In Your Heart,The Monitors,rnb,
F1EB302A,Please Mr. Postman,The Marvelettes,rnb,
F1EB302A,Yesterday Man,Chris Andrews,pop,
F1EB302A,Mustang Sally,Wilson Pickett,rock,
F1EB302A,Sugar Sweet,Jacob Miller and the Bridge City Crooners,jazz,
F1EB302A,Mr. Bass Man,Johnny Cymbal,rock,
F462BE39,Pop Punk Is Overrated,Loss of Effect,alternative,
F462BE39,Pop Punk Fairy Tale,Backyard Superheroes,metal,
F462BE39,Surf Punk,Psihomodo Pop,rock,
F462BE39,Pop Punk,Mierda Indigna,punk,
F462BE39,Pop Punk Song,The Ghoulies,metal,
F462BE39,A* in Punk Rock,The Bottom Line,rock,
F462BE39,4/4 Pop Punk Rock - Example,Practice-Tracks,rock,
F462BE39,Stop Doing That,Bowling For Soup,punk,
F462BE39,Pop Punk,American Time Machine,avantgarde,
F462BE39,Sister Calling Pop Punk Ringtone,Comedy Ringtone Factory Funny Ring Tones Phone Humor,children,
F462BE39,Pop Punk Pizza Party,Jarrod Alonge,rock,
F462BE39,So Sick,Sickret,rock,
F462BE39,Pop Punk Kid,Stevie T & Brian Storm,metal,
F462BE39,WaldorfWorldwide,Good Charlotte,alternative,
F462BE39,Sarà perchè ti amo,INC Karaoke Group,pop,
F462BE39,Sarà Perchè Ti Amo,Eu4ya,electronic,
F462BE39,Поп-панк для твоей девочки,After School Time,punk,
F4B53654,Broken,Dru Blu,rap,
F4B53654,Long Train Running,Traks,pop,
F4B53654,Soul Roots,Edward's World,dance,
F4B53654,Paddy Clancey's Jig / Trip to the Cottage,Michael Coleman,world,
F4B53654,Spank,"Jimmy ""Bo"" Horne",dance,
F4B53654,Geese In The Bog/The Wind That Shakes The Barley,Waxies Dargle,world,
F4B53654,Do It Properly,2 Puerto Ricans A Blackman & A Dominican,pop,
F4B53654,You & I,Mike Williams Dastic,house,
F4B53654,Rändajad,Urban Symphony,western,
F4B53654,Robbie Hannan's Jigs,Jerry O'Sullivan,world,
F4B53654,Paddy Fahy's Jig/Sean Ryan's Jig,Martin Hayes,world,
F4B53654,Sorry for Myself,CADE feat. SAN,dance,
F4B53654,Dile a La Gente,Heizel,latin,
F75D0AAD,Beginnings,sleepdealer,dance,
F75D0AAD,Heart & Spleen,C Y G N,hip,
F75D0AAD,Nayhoo,Chon,progmetal,
F75D0AAD,Middle of the Moon,Daisy Maybe,electronic,
F75D0AAD,Archon Reprise,Midnight,rnb,
F75D0AAD,Conscience,LA WOMEN,pop,
F75D0AAD,Beaches,Nanna.B,contemporary,
F75D0AAD,Reality,Noah Slee,rnb,
F75D0AAD,Father Figure,Harrison Brome,rnb,
F75D0AAD,Kline,Speelburg,alternative,
F75D0AAD,Exhale,Kemba,hip,
F75D0AAD,Ticklish,The Analog Affair,pop,
F75D0AAD,Interlude One,S4U feat. Keyah Blu & Linx,electronic,
F75D0AAD,Golden,Feverkin,electronic,
F75D0AAD,Opposite,Tarık,rnb,
F75D0AAD,Extraordinary,Joel Baker,singer,
F75D0AAD,First Nightin´,Flitz&Suppe & SlimAgenda,hip,
F75D0AAD,Nostalgia Is A Lie,Goody Grace,pop,
F8B7AD0D,Doors of the Tenere,Tim Story,new,
F8B7AD0D,LAPIDARIUM,Michel Banabila,jazz,
F8B7AD0D,Breathe,Gaussian Curve,electronic,
F8B7AD0D,Beguiled,Tim Story,new,
F8B7AD0D,Gentle Perception,Connect.Ohm,ambient,
F8B7AD0D,The Distance,Gaussian Curve,electronic,
F8B7AD0D,Distorted Messages,Michel Banabila,electronic,
F8B7AD0D,Red Light,Gaussian Curve,electronic,
FA30D590,Adagio,Romano Parodi,world,
FA30D590,Adagio,Olivia,pop,
FA30D590,Wheels on the Bus,Susie Tallman,children,
FA30D590,Happy Times ''Move To The Beat'' Music Medley,Kidzone,children,
FA30D590,All I Want For Christmas Is My Two Front Teeth,The Platters,holiday,
FA30D590,Jingle Bell Rock,Max Bygraves,holiday,
FA30D590,Winnie the Pooh and the Honey Tree,Laurie Main,children,
FA30D590,The Wheels Of The Bus,Bugs Bower,children,
FA30D590,The Wheels on the Bus,Children's Piano Songs,children,
FA30D590,Welcome to New York,The Soundwaves,pop,
FA30D590,Adagio,Mr. Fernando,pop,
FA30D590,The Christmas Song,Mel Torme,jazz,
FA30D590,Albinoni: Adagio in G minor (Arr. Giazotto & Palmer),Julian Lloyd Webber,classical,
FA30D590,Air Freshner,Tom & Jerry,reggae,
FA30D590,The Wheels On The Bus,Songs for Children,children,
FA30D590,The Wheels of the Bus,Tessarose,children,
FA30D590,Mr Sun,Lullabyes,children,
FA30D590,The Wheels On the Bus,P.E.M,children,
FA30D590,Donkey Riding,Mickey & His UK Friends,children,
FA30D590,The Wheels on the Bus,Nursery Rhymes,christian,
FA30D590,The Grand Old Duke of York,Sing Song City,children,
FAC79F26,Unconditional Love,Real Friends,punk,
FAC79F26,Shake Rattle and Roll,Joe Turner,blues,
FAC79F26,We're Gonna Rock,Cecil Gant,blues,
FAC79F26,Sun is Rising,Shadowgraphs,rock,
FAC79F26,Restructuration,Keep Dancing Inc,rock,
FAC79F26,Kansas City,Wilbert Harrison,rnb,
FAC79F26,Corto Amanecer,Crucis,latin,
FAC79F26,Making Plans For Nigel,XTC,pop,
FAC79F26,Work With Me Annie,Hank Ballard,rnb,
FAC79F26,Southern Shade,Talons,rock,
FAC79F26,Good Boy,Jett Rebel,rock,
FAC79F26,Sky Burial,Gazpacho,rock,
FECE8AE7,Dale Cintura,Klc Clave Cubana,latin,
FECE8AE7,Esconde Esconde,Konde Martins,world,
FECE8AE7,Besame Mucho,Geronimo Luengo and his Latin Orchestra,latin,
FECE8AE7,Bailando,Pablo Arenas,latin,
FECE8AE7,Escape (Piña Colada),Grupo Latino,pop,
FECE8AE7,Escápate Conmigo,Boricua Boys,latin,
FECE8AE7,Que Será de Ti,Daniela Mercury,brazilian,
FECE8AE7,Aceite en la Cintura,Mark b,latin,
FECE8AE7,Luna,Leo Milagres,world,
FECE8AE7,Schubert: Ave Maria,Gheorghe Zamfir,pop,
FECE8AE7,Hilito,Alegria Amaya,latin,
FF710BD9,Zyme,Smokefade,dance,
FF710BD9,This Is How I Do,Gregory Bonino,pop,
FF710BD9,There's No Two Ways About It,Frankie Newton,jazz,
FF710BD9,Lost in Japan,Boxen,folk,
FF710BD9,Love Town,90s Party People,pop,
FF710BD9,Finger Painting,The V.S.O.P. Quintet,jazz,
FF710BD9,Ta Ta Tsu Ta Ta,Eishin Nose,jazz,
FF710BD9,Me Too,Pop Electro Females,pop,
FF710BD9,Kitchen Midden Complete,ROBO-POP,rock,
FF710BD9,Human Machines,Roris,pop,
FF8287BB,Deadly Toys,PrunX,alternative,
FF8287BB,Make You Realise,Never Pay Retail,rock,
FF8287BB,Generation of Moon,Moon,electronic,
FF8287BB,One Thing,Greenhouse,rock,
FF8287BB,Animal,The YD,alternative,
FF8287BB,False Idols,Long Time,alternative,
FF8287BB,Nothing Changes,Will Post,rock,
FF8287BB,You're Never Alone,Queen of Jeans,indie,
FF8287BB,My Cake,Cocaine Piss,rock,
FF8287BB,228,Hopes,rock,
FF8287BB,¡Quiero Gritar!,L.E.O.N,rock,
FF8287BB,All I Want,Jack in Water,alternative,
FF8287BB,Alone,Stickman,rock,
FF8287BB,Celtic Daze,Nordic Daughter,rock,
FF8287BB,Carnívora,Alud,rock,
FF8287BB,Controle,Eles Dois,rock,
FF8287BB,Last Night,Swing From a Streetlight,rock,
FFB692EC,Stay,Mathew James White,folk,
FFB692EC,Powerlessness,Jeff Rosenstock,punk,
FFB692EC,The Fool,The Marshes,punk,
FFB692EC,Bells,Seth Lakeman,world,
FFB692EC,Constant,Among Criminals,rock,
FFB692EC,Wake Me Up,The Once Was,rock,
FFB692EC,Lunchblood,Sunshine State,alternative,
FFB692EC,Get A Clue,The Putz,punk,
FFB692EC,Rock & Roll,Tanita Tikaram,pop,
FFB692EC,The Curse of Blackbeard Lavoie,Hoist the Colors,alternative,
FFB692EC,Nobody Like Me,Huntingtons,pop,
FFB692EC,And Maybe God Is a Train,Ezra Furman,alternative,
FFB692EC,Fall At Your Feet,Boy & Bear,pop,
FFB692EC,Space Port,Walter Lupi,pop,
FFB692EC,Col (Picture Of Everything You Lost),Umin,electronic,
FFB692EC,Tax Revolution,Roadside Bombs,rock,
FFB692EC,Convertible love,Blood Sweat Drum 'n' Bass Big Band,jazz,
FFB692EC,All Along,The Franklin Electric,alternative,
